"","...1","n_subj","tau_true","sim_n","tau_med","p_gt_star","p_lt_star"
"1",1,60,0,1,0.0207975,0,1
"2",2,60,0,2,0.0261349,0,1
"3",3,60,0,3,0.016077,0,1
"4",4,60,0,4,0.02139005,0,1
"5",5,60,0,5,0.0385691,0,1
"6",6,60,0,6,0.03819575,0,1
"7",7,60,0,7,0.04201135,0,1
"8",8,60,0,8,0.03234835,0,1
"9",9,60,0,9,0.01777045,0,1
"10",10,60,0,10,0.0331422,0,1
"11",11,60,0,11,0.02112955,0,1
"12",12,60,0,12,0.0200876,0,1
"13",13,60,0,13,0.01364945,0,1
"14",14,60,0,14,0.0166961,0,1
"15",15,60,0,15,0.03461295,0,1
"16",16,60,0,16,0.03164635,0,1
"17",17,60,0,17,0.0316533,0,1
"18",18,60,0,18,0.0263901,0,1
"19",19,60,0,19,0.0209553,0,1
"20",20,60,0,20,0.02560965,0,1
"21",21,60,0,21,0.0168476,0,1
"22",22,60,0,22,0.0305404,0,1
"23",23,60,0,23,0.044134,0,1
"24",24,60,0,24,0.0169508,0,1
"25",25,60,0,25,0.02314395,0,1
"26",26,60,0,26,0.02973985,0,1
"27",27,60,0,27,0.02150645,0,1
"28",28,60,0,28,0.02462645,0,1
"29",29,60,0,29,0.028831,0,1
"30",30,60,0,30,0.0222888,0,1
"31",31,60,0,31,0.0180184,0,1
"32",32,60,0,32,0.0292702,0,1
"33",33,60,0,33,0.0802106,0,1
"34",34,60,0,34,0.015965,0,1
"35",35,60,0,35,0.0301366,0,1
"36",36,60,0,36,0.01333615,0,1
"37",37,60,0,37,0.0340659,0,1
"38",38,60,0,38,0.0348749,0,1
"39",39,60,0,39,0.0204282,0,1
"40",40,60,0,40,0.0333254,0,1
"41",41,60,0,41,0.0244243,0,1
"42",42,60,0,42,0.02376135,0,1
"43",43,60,0,43,0.01505685,0,1
"44",44,60,0,44,0.02152595,0,1
"45",45,60,0,45,0.0254102,0,1
"46",46,60,0,46,0.039932,0,1
"47",47,60,0,47,0.0252367,0,1
"48",48,60,0,48,0.0453583,0,1
"49",49,60,0,49,0.0286672,0,1
"50",50,60,0,50,0.0185541,0,1
"51",51,60,0,51,0.02516225,0,1
"52",52,60,0,52,0.01889915,0,1
"53",53,60,0,53,0.0357571,0,1
"54",54,60,0,54,0.0234377,0,1
"55",55,60,0,55,0.0256067,0,1
"56",56,60,0,56,0.0156229,0,1
"57",57,60,0,57,0.02175885,0,1
"58",58,60,0,58,0.0204213,0,1
"59",59,60,0,59,0.02067475,0,1
"60",60,60,0,60,0.0334488,0,1
"61",61,60,0,61,0.03457795,0,1
"62",62,60,0,62,0.052716,0,1
"63",63,60,0,63,0.014624,0,1
"64",64,60,0,64,0.02530705,0,1
"65",65,60,0,65,0.02813615,0,1
"66",66,60,0,66,0.02858175,0,1
"67",67,60,0,67,0.0214932,0,1
"68",68,60,0,68,0.04106035,0,1
"69",69,60,0,69,0.0363809,0,1
"70",70,60,0,70,0.02182705,0,1
"71",71,60,0,71,0.01792005,0,1
"72",72,60,0,72,0.04480145,0,1
"73",73,60,0,73,0.0224801,0,1
"74",74,60,0,74,0.0241061,0,1
"75",75,60,0,75,0.0427423,0,1
"76",76,60,0,76,0.03703905,0,1
"77",77,60,0,77,0.01847585,0,1
"78",78,60,0,78,0.0163585,0,1
"79",79,60,0,79,0.01596895,0,1
"80",80,60,0,80,0.06165635,0,1
"81",81,60,0,81,0.0402778,0,1
"82",82,60,0,82,0.0272712,0,1
"83",83,60,0,83,0.0506519,0,1
"84",84,60,0,84,0.022887,0,1
"85",85,60,0,85,0.036625,0,1
"86",86,60,0,86,0.01740395,0,1
"87",87,60,0,87,0.02262815,0,1
"88",88,60,0,88,0.04382755,0,1
"89",89,60,0,89,0.0183246,0,1
"90",90,60,0,90,0.03783365,0,1
"91",91,60,0,91,0.01611355,0,1
"92",92,60,0,92,0.0208186,0,1
"93",93,60,0,93,0.01853575,0,1
"94",94,60,0,94,0.05000765,0,1
"95",95,60,0,95,0.0293922,0,1
"96",96,60,0,96,0.0188246,0,1
"97",97,60,0,97,0.03061175,0,1
"98",98,60,0,98,0.0242863,0,1
"99",99,60,0,99,0.0313695,0,1
"100",100,60,0,100,0.0285517,0,1
"101",101,60,0,101,0.04317065,0,1
"102",102,60,0,102,0.02399265,0,1
"103",103,60,0,103,0.02719135,0,1
"104",104,60,0,104,0.0276521,0,1
"105",105,60,0,105,0.0387898,0,1
"106",106,60,0,106,0.0220361,0,1
"107",107,60,0,107,0.02007075,0,1
"108",108,60,0,108,0.02874165,0,1
"109",109,60,0,109,0.0177259,0,1
"110",110,60,0,110,0.02924125,0,1
"111",111,60,0,111,0.03801655,0,1
"112",112,60,0,112,0.02288085,0,1
"113",113,60,0,113,0.0263121,0,1
"114",114,60,0,114,0.0173219,0,1
"115",115,60,0,115,0.01682895,0,1
"116",116,60,0,116,0.0393059,0,1
"117",117,60,0,117,0.0213839,0,1
"118",118,60,0,118,0.020712,0,1
"119",119,60,0,119,0.02959135,0,1
"120",120,60,0,120,0.0689938,0,1
"121",121,60,0,121,0.02800065,0,1
"122",122,60,0,122,0.02335145,0,1
"123",123,60,0,123,0.0187061,0,1
"124",124,60,0,124,0.0195552,0,1
"125",125,60,0,125,0.0194104,0,1
"126",126,60,0,126,0.02768875,0,1
"127",127,60,0,127,0.01846265,0,1
"128",128,60,0,128,0.0218305,0,1
"129",129,60,0,129,0.02405175,0,1
"130",130,60,0,130,0.02269325,0,1
"131",131,60,0,131,0.0504217,0,1
"132",132,60,0,132,0.0276511,0,1
"133",133,60,0,133,0.0354179,0,1
"134",134,60,0,134,0.02999155,0,1
"135",135,60,0,135,0.02422545,0,1
"136",136,60,0,136,0.03428785,0,1
"137",137,60,0,137,0.0236302,0,1
"138",138,60,0,138,0.0572666,0,1
"139",139,60,0,139,0.02857225,0,1
"140",140,60,0,140,0.0146485,0,1
"141",141,60,0,141,0.01645585,0,1
"142",142,60,0,142,0.0211363,0,1
"143",143,60,0,143,0.03632045,0,1
"144",144,60,0,144,0.0308805,0,1
"145",145,60,0,145,0.0157905,0,1
"146",146,60,0,146,0.05047465,0,1
"147",147,60,0,147,0.01976205,0,1
"148",148,60,0,148,0.01755415,0,1
"149",149,60,0,149,0.0182662,0,1
"150",150,60,0,150,0.01796475,0,1
"151",151,60,0,151,0.04610545,0,1
"152",152,60,0,152,0.01505835,0,1
"153",153,60,0,153,0.0742781,0,1
"154",154,60,0,154,0.0247276,0,1
"155",155,60,0,155,0.0234493,0,1
"156",156,60,0,156,0.01662055,0,1
"157",157,60,0,157,0.0719942,0,1
"158",158,60,0,158,0.029493,0,1
"159",159,60,0,159,0.0215037,0,1
"160",160,60,0,160,0.0464407,0,1
"161",161,60,0,161,0.0199672,0,1
"162",162,60,0,162,0.0335895,0,1
"163",163,60,0,163,0.0425727,0,1
"164",164,60,0,164,0.02506945,0,1
"165",165,60,0,165,0.03399685,0,1
"166",166,60,0,166,0.02373875,0,1
"167",167,60,0,167,0.02969685,0,1
"168",168,60,0,168,0.0225174,0,1
"169",169,60,0,169,0.02101625,0,1
"170",170,60,0,170,0.0356389,0,1
"171",171,60,0,171,0.0168404,0,1
"172",172,60,0,172,0.03267565,0,1
"173",173,60,0,173,0.0151546,0,1
"174",174,60,0,174,0.02053245,0,1
"175",175,60,0,175,0.0345674,0,1
"176",176,60,0,176,0.0170019,0,1
"177",177,60,0,177,0.01696295,0,1
"178",178,60,0,178,0.0307602,0,1
"179",179,60,0,179,0.0130982,0,1
"180",180,60,0,180,0.02174965,0,1
"181",181,60,0,181,0.01728105,0,1
"182",182,60,0,182,0.01854365,0,1
"183",183,60,0,183,0.0242117,0,1
"184",184,60,0,184,0.0214067,0,1
"185",185,60,0,185,0.026905,0,1
"186",186,60,0,186,0.04624985,0,1
"187",187,60,0,187,0.013154,0,1
"188",188,60,0,188,0.07450345,0,1
"189",189,60,0,189,0.0455996,0,1
"190",190,60,0,190,0.0310898,0,1
"191",191,60,0,191,0.0692015,0,1
"192",192,60,0,192,0.05933575,0,1
"193",193,60,0,193,0.02095055,0,1
"194",194,60,0,194,0.0373327,0,1
"195",195,60,0,195,0.0165185,0,1
"196",196,60,0,196,0.02542315,0,1
"197",197,60,0,197,0.0298386,0,1
"198",198,60,0,198,0.0223657,0,1
"199",199,60,0,199,0.01839355,0,1
"200",200,60,0,200,0.0245122,0,1
"201",201,60,0.13856377005144,1,0.1241105,0.000125,0.999875
"202",202,60,0.13856377005144,2,0.152335,0.00175,0.99825
"203",203,60,0.13856377005144,3,0.1559025,0.002875,0.997125
"204",204,60,0.13856377005144,4,0.1066725,0.000125,0.999875
"205",205,60,0.13856377005144,5,0.125196,0,1
"206",206,60,0.13856377005144,6,0.174383,0.013125,0.986875
"207",207,60,0.13856377005144,7,0.169469,0.008625,0.991375
"208",208,60,0.13856377005144,8,0.1568575,0.004625,0.995375
"209",209,60,0.13856377005144,9,0.1191265,0,1
"210",210,60,0.13856377005144,10,0.1277155,0.00025,0.99975
"211",211,60,0.13856377005144,11,0.1547745,0.003625,0.996375
"212",212,60,0.13856377005144,12,0.155132,0.003,0.997
"213",213,60,0.13856377005144,13,0.150644,0.0025,0.9975
"214",214,60,0.13856377005144,14,0.132088,0.001375,0.998625
"215",215,60,0.13856377005144,15,0.105072,0,1
"216",216,60,0.13856377005144,16,0.1440475,0.001125,0.998875
"217",217,60,0.13856377005144,17,0.1440235,0.001875,0.998125
"218",218,60,0.13856377005144,18,0.141843,0.001125,0.998875
"219",219,60,0.13856377005144,19,0.1613035,0.0075,0.9925
"220",220,60,0.13856377005144,20,0.1215555,0.000375,0.999625
"221",221,60,0.13856377005144,21,0.1917865,0.0355,0.9645
"222",222,60,0.13856377005144,22,0.124351,0.00025,0.99975
"223",223,60,0.13856377005144,23,0.1931245,0.0305,0.9695
"224",224,60,0.13856377005144,24,0.117413,0,1
"225",225,60,0.13856377005144,25,0.1279035,0.000125,0.999875
"226",226,60,0.13856377005144,26,0.1550635,0.001375,0.998625
"227",227,60,0.13856377005144,27,0.1357165,5e-04,0.9995
"228",228,60,0.13856377005144,28,0.1445035,0.00225,0.99775
"229",229,60,0.13856377005144,29,0.1109745,0.00025,0.99975
"230",230,60,0.13856377005144,30,0.169478,0.00725,0.99275
"231",231,60,0.13856377005144,31,0.08944915,0,1
"232",232,60,0.13856377005144,32,0.1603115,0.004125,0.995875
"233",233,60,0.13856377005144,33,0.1620645,0.00375,0.99625
"234",234,60,0.13856377005144,34,0.131171,0.000125,0.999875
"235",235,60,0.13856377005144,35,0.17624,0.017375,0.982625
"236",236,60,0.13856377005144,36,0.129815,0.00025,0.99975
"237",237,60,0.13856377005144,37,0.1497215,0.001375,0.998625
"238",238,60,0.13856377005144,38,0.1051365,0.00025,0.99975
"239",239,60,0.13856377005144,39,0.1926255,0.02925,0.97075
"240",240,60,0.13856377005144,40,0.12041,0.000125,0.999875
"241",241,60,0.13856377005144,41,0.148771,0.002625,0.997375
"242",242,60,0.13856377005144,42,0.15917,0.003125,0.996875
"243",243,60,0.13856377005144,43,0.117125,5e-04,0.9995
"244",244,60,0.13856377005144,44,0.1862755,0.0275,0.9725
"245",245,60,0.13856377005144,45,0.190052,0.02525,0.97475
"246",246,60,0.13856377005144,46,0.112609,0,1
"247",247,60,0.13856377005144,47,0.159556,0.0035,0.9965
"248",248,60,0.13856377005144,48,0.08512805,0,1
"249",249,60,0.13856377005144,49,0.166022,0.005,0.995
"250",250,60,0.13856377005144,50,0.1223645,0,1
"251",251,60,0.13856377005144,51,0.09725885,0,1
"252",252,60,0.13856377005144,52,0.1818515,0.017875,0.982125
"253",253,60,0.13856377005144,53,0.117073,0,1
"254",254,60,0.13856377005144,54,0.1483575,0.002,0.998
"255",255,60,0.13856377005144,55,0.118685,0,1
"256",256,60,0.13856377005144,56,0.1989815,0.048625,0.951375
"257",257,60,0.13856377005144,57,0.1322915,0.001375,0.998625
"258",258,60,0.13856377005144,58,0.165124,0.005875,0.994125
"259",259,60,0.13856377005144,59,0.1317175,0.000875,0.999125
"260",260,60,0.13856377005144,60,0.1496095,0.001625,0.998375
"261",261,60,0.13856377005144,61,0.1900205,0.034125,0.965875
"262",262,60,0.13856377005144,62,0.1311135,0.000625,0.999375
"263",263,60,0.13856377005144,63,0.1114715,0,1
"264",264,60,0.13856377005144,64,0.161666,0.006125,0.993875
"265",265,60,0.13856377005144,65,0.21981,0.112125,0.887875
"266",266,60,0.13856377005144,66,0.09780665,0.000125,0.999875
"267",267,60,0.13856377005144,67,0.196106,0.036125,0.963875
"268",268,60,0.13856377005144,68,0.1556915,0.00475,0.99525
"269",269,60,0.13856377005144,69,0.1343355,0.000375,0.999625
"270",270,60,0.13856377005144,70,0.14828,0.002125,0.997875
"271",271,60,0.13856377005144,71,0.1216355,0.000125,0.999875
"272",272,60,0.13856377005144,72,0.118636,0,1
"273",273,60,0.13856377005144,73,0.0919783,0,1
"274",274,60,0.13856377005144,74,0.1703625,0.0105,0.9895
"275",275,60,0.13856377005144,75,0.135653,0.00175,0.99825
"276",276,60,0.13856377005144,76,0.123752,0.000125,0.999875
"277",277,60,0.13856377005144,77,0.1642195,0.006375,0.993625
"278",278,60,0.13856377005144,78,0.1328555,0.001125,0.998875
"279",279,60,0.13856377005144,79,0.118655,0,1
"280",280,60,0.13856377005144,80,0.1555805,0.00325,0.99675
"281",281,60,0.13856377005144,81,0.112773,0.000375,0.999625
"282",282,60,0.13856377005144,82,0.0977353,0,1
"283",283,60,0.13856377005144,83,0.1677065,0.006875,0.993125
"284",284,60,0.13856377005144,84,0.1539115,0.003,0.997
"285",285,60,0.13856377005144,85,0.1255685,0.000375,0.999625
"286",286,60,0.13856377005144,86,0.111455,0,1
"287",287,60,0.13856377005144,87,0.1856705,0.029625,0.970375
"288",288,60,0.13856377005144,88,0.1140425,0,1
"289",289,60,0.13856377005144,89,0.1013935,0,1
"290",290,60,0.13856377005144,90,0.103036,0,1
"291",291,60,0.13856377005144,91,0.1851925,0.02375,0.97625
"292",292,60,0.13856377005144,92,0.1267615,0,1
"293",293,60,0.13856377005144,93,0.109067,0,1
"294",294,60,0.13856377005144,94,0.1548825,0.0025,0.9975
"295",295,60,0.13856377005144,95,0.141677,0.001375,0.998625
"296",296,60,0.13856377005144,96,0.120261,0.00025,0.99975
"297",297,60,0.13856377005144,97,0.143132,0.00175,0.99825
"298",298,60,0.13856377005144,98,0.1448485,0.00125,0.99875
"299",299,60,0.13856377005144,99,0.1274,0.00025,0.99975
"300",300,60,0.13856377005144,100,0.126426,0.00075,0.99925
"301",301,60,0.13856377005144,101,0.165782,0.006625,0.993375
"302",302,60,0.13856377005144,102,0.1551925,0.004625,0.995375
"303",303,60,0.13856377005144,103,0.1305845,5e-04,0.9995
"304",304,60,0.13856377005144,104,0.112124,0,1
"305",305,60,0.13856377005144,105,0.1624355,0.005375,0.994625
"306",306,60,0.13856377005144,106,0.164965,0.007125,0.992875
"307",307,60,0.13856377005144,107,0.147231,0.001375,0.998625
"308",308,60,0.13856377005144,108,0.1242945,0.00025,0.99975
"309",309,60,0.13856377005144,109,0.1575955,0.00425,0.99575
"310",310,60,0.13856377005144,110,0.09338325,0,1
"311",311,60,0.13856377005144,111,0.144267,0.002,0.998
"312",312,60,0.13856377005144,112,0.122268,0.00025,0.99975
"313",313,60,0.13856377005144,113,0.122614,0,1
"314",314,60,0.13856377005144,114,0.157129,0.00475,0.99525
"315",315,60,0.13856377005144,115,0.122494,0.000875,0.999125
"316",316,60,0.13856377005144,116,0.1668625,0.00775,0.99225
"317",317,60,0.13856377005144,117,0.1876215,0.025125,0.974875
"318",318,60,0.13856377005144,118,0.1996535,0.045,0.955
"319",319,60,0.13856377005144,119,0.186565,0.026125,0.973875
"320",320,60,0.13856377005144,120,0.1207035,0.000375,0.999625
"321",321,60,0.13856377005144,121,0.117742,0,1
"322",322,60,0.13856377005144,122,0.1250145,0,1
"323",323,60,0.13856377005144,123,0.169961,0.01125,0.98875
"324",324,60,0.13856377005144,124,0.156417,0.002,0.998
"325",325,60,0.13856377005144,125,0.141106,0.0015,0.9985
"326",326,60,0.13856377005144,126,0.1276105,5e-04,0.9995
"327",327,60,0.13856377005144,127,0.0822631,0,1
"328",328,60,0.13856377005144,128,0.08701235,0,1
"329",329,60,0.13856377005144,129,0.1752275,0.0155,0.9845
"330",330,60,0.13856377005144,130,0.134978,0.000375,0.999625
"331",331,60,0.13856377005144,131,0.1488465,0.003375,0.996625
"332",332,60,0.13856377005144,132,0.1156985,0,1
"333",333,60,0.13856377005144,133,0.1081125,0.000125,0.999875
"334",334,60,0.13856377005144,134,0.1447405,0.003,0.997
"335",335,60,0.13856377005144,135,0.1536435,0.004,0.996
"336",336,60,0.13856377005144,136,0.159952,0.005875,0.994125
"337",337,60,0.13856377005144,137,0.132889,0.000375,0.999625
"338",338,60,0.13856377005144,138,0.125252,0,1
"339",339,60,0.13856377005144,139,0.141719,0.00125,0.99875
"340",340,60,0.13856377005144,140,0.141143,0.00125,0.99875
"341",341,60,0.13856377005144,141,0.1102475,0.000125,0.999875
"342",342,60,0.13856377005144,142,0.1127435,0.00025,0.99975
"343",343,60,0.13856377005144,143,0.105056,0,1
"344",344,60,0.13856377005144,144,0.1129625,0.000125,0.999875
"345",345,60,0.13856377005144,145,0.120846,0.00025,0.99975
"346",346,60,0.13856377005144,146,0.1459555,0.001625,0.998375
"347",347,60,0.13856377005144,147,0.17103,0.014,0.986
"348",348,60,0.13856377005144,148,0.1492025,0.002,0.998
"349",349,60,0.13856377005144,149,0.143865,0.001375,0.998625
"350",350,60,0.13856377005144,150,0.152752,0.00175,0.99825
"351",351,60,0.13856377005144,151,0.142342,0.00125,0.99875
"352",352,60,0.13856377005144,152,0.1242975,0.00075,0.99925
"353",353,60,0.13856377005144,153,0.2025895,0.054625,0.945375
"354",354,60,0.13856377005144,154,0.1143535,0,1
"355",355,60,0.13856377005144,155,0.185471,0.021125,0.978875
"356",356,60,0.13856377005144,156,0.161984,0.0045,0.9955
"357",357,60,0.13856377005144,157,0.1258865,0.000125,0.999875
"358",358,60,0.13856377005144,158,0.164922,0.006875,0.993125
"359",359,60,0.13856377005144,159,0.194686,0.037125,0.962875
"360",360,60,0.13856377005144,160,0.1345815,5e-04,0.9995
"361",361,60,0.13856377005144,161,0.1105835,0.000125,0.999875
"362",362,60,0.13856377005144,162,0.10515,0,1
"363",363,60,0.13856377005144,163,0.15826,0.001875,0.998125
"364",364,60,0.13856377005144,164,0.116595,0,1
"365",365,60,0.13856377005144,165,0.2034335,0.062125,0.937875
"366",366,60,0.13856377005144,166,0.126297,5e-04,0.9995
"367",367,60,0.13856377005144,167,0.175727,0.016375,0.983625
"368",368,60,0.13856377005144,168,0.1155265,0,1
"369",369,60,0.13856377005144,169,0.1252525,0.000125,0.999875
"370",370,60,0.13856377005144,170,0.182437,0.018875,0.981125
"371",371,60,0.13856377005144,171,0.194008,0.034625,0.965375
"372",372,60,0.13856377005144,172,0.1592135,0.005625,0.994375
"373",373,60,0.13856377005144,173,0.08461025,0,1
"374",374,60,0.13856377005144,174,0.1340355,0.00125,0.99875
"375",375,60,0.13856377005144,175,0.107893,0.000125,0.999875
"376",376,60,0.13856377005144,176,0.130937,0.000375,0.999625
"377",377,60,0.13856377005144,177,0.1615525,0.004375,0.995625
"378",378,60,0.13856377005144,178,0.1544425,0.00475,0.99525
"379",379,60,0.13856377005144,179,0.104273,0,1
"380",380,60,0.13856377005144,180,0.177865,0.014875,0.985125
"381",381,60,0.13856377005144,181,0.121203,0.00025,0.99975
"382",382,60,0.13856377005144,182,0.0894136,0.00025,0.99975
"383",383,60,0.13856377005144,183,0.1260165,0.000875,0.999125
"384",384,60,0.13856377005144,184,0.1901225,0.026875,0.973125
"385",385,60,0.13856377005144,185,0.127957,0.00025,0.99975
"386",386,60,0.13856377005144,186,0.167835,0.007875,0.992125
"387",387,60,0.13856377005144,187,0.1544755,0.003625,0.996375
"388",388,60,0.13856377005144,188,0.1255525,0.000375,0.999625
"389",389,60,0.13856377005144,189,0.113703,0,1
"390",390,60,0.13856377005144,190,0.1466695,0.002375,0.997625
"391",391,60,0.13856377005144,191,0.0888168,0,1
"392",392,60,0.13856377005144,192,0.1651675,0.005,0.995
"393",393,60,0.13856377005144,193,0.187959,0.029375,0.970625
"394",394,60,0.13856377005144,194,0.175868,0.01775,0.98225
"395",395,60,0.13856377005144,195,0.123929,0.000625,0.999375
"396",396,60,0.13856377005144,196,0.1513205,0.00275,0.99725
"397",397,60,0.13856377005144,197,0.1415865,0.001625,0.998375
"398",398,60,0.13856377005144,198,0.1709345,0.009,0.991
"399",399,60,0.13856377005144,199,0.1035085,0,1
"400",400,60,0.13856377005144,200,0.1177075,0,1
"401",401,60,0.27712754010288,1,0.35225,0.926,0.074
"402",402,60,0.27712754010288,2,0.2939935,0.636625,0.363375
"403",403,60,0.27712754010288,3,0.3349625,0.88425,0.11575
"404",404,60,0.27712754010288,4,0.2768975,0.497875,0.502125
"405",405,60,0.27712754010288,5,0.3516405,0.939625,0.060375
"406",406,60,0.27712754010288,6,0.258566,0.3535,0.6465
"407",407,60,0.27712754010288,7,0.239216,0.2055,0.7945
"408",408,60,0.27712754010288,8,0.206058,0.065875,0.934125
"409",409,60,0.27712754010288,9,0.3890475,0.990875,0.009125
"410",410,60,0.27712754010288,10,0.3643495,0.9645,0.0355
"411",411,60,0.27712754010288,11,0.3162775,0.78575,0.21425
"412",412,60,0.27712754010288,12,0.312855,0.7605,0.2395
"413",413,60,0.27712754010288,13,0.286724,0.581375,0.418625
"414",414,60,0.27712754010288,14,0.180942,0.017875,0.982125
"415",415,60,0.27712754010288,15,0.273259,0.467125,0.532875
"416",416,60,0.27712754010288,16,0.2370565,0.1995,0.8005
"417",417,60,0.27712754010288,17,0.304846,0.71575,0.28425
"418",418,60,0.27712754010288,18,0.352488,0.93775,0.06225
"419",419,60,0.27712754010288,19,0.217364,0.10475,0.89525
"420",420,60,0.27712754010288,20,0.2644655,0.396375,0.603625
"421",421,60,0.27712754010288,21,0.250689,0.293125,0.706875
"422",422,60,0.27712754010288,22,0.2883495,0.591875,0.408125
"423",423,60,0.27712754010288,23,0.327701,0.8385,0.1615
"424",424,60,0.27712754010288,24,0.2460145,0.258,0.742
"425",425,60,0.27712754010288,25,0.3151615,0.782375,0.217625
"426",426,60,0.27712754010288,26,0.2878385,0.5855,0.4145
"427",427,60,0.27712754010288,27,0.3610215,0.950125,0.049875
"428",428,60,0.27712754010288,28,0.3007145,0.684625,0.315375
"429",429,60,0.27712754010288,29,0.293109,0.625375,0.374625
"430",430,60,0.27712754010288,30,0.2046585,0.063875,0.936125
"431",431,60,0.27712754010288,31,0.403584,0.993125,0.006875
"432",432,60,0.27712754010288,32,0.2723655,0.461875,0.538125
"433",433,60,0.27712754010288,33,0.3216535,0.82225,0.17775
"434",434,60,0.27712754010288,34,0.352775,0.937875,0.062125
"435",435,60,0.27712754010288,35,0.2574265,0.339375,0.660625
"436",436,60,0.27712754010288,36,0.351074,0.9305,0.0695
"437",437,60,0.27712754010288,37,0.256009,0.330625,0.669375
"438",438,60,0.27712754010288,38,0.3177385,0.79625,0.20375
"439",439,60,0.27712754010288,39,0.3061625,0.729375,0.270625
"440",440,60,0.27712754010288,40,0.317664,0.79325,0.20675
"441",441,60,0.27712754010288,41,0.2782925,0.509125,0.490875
"442",442,60,0.27712754010288,42,0.242736,0.244,0.756
"443",443,60,0.27712754010288,43,0.367445,0.966375,0.033625
"444",444,60,0.27712754010288,44,0.2984195,0.67275,0.32725
"445",445,60,0.27712754010288,45,0.292082,0.616,0.384
"446",446,60,0.27712754010288,46,0.303609,0.706375,0.293625
"447",447,60,0.27712754010288,47,0.284374,0.5635,0.4365
"448",448,60,0.27712754010288,48,0.2823475,0.540875,0.459125
"449",449,60,0.27712754010288,49,0.1496985,0.001625,0.998375
"450",450,60,0.27712754010288,50,0.293343,0.630125,0.369875
"451",451,60,0.27712754010288,51,0.3122895,0.774,0.226
"452",452,60,0.27712754010288,52,0.1978025,0.041375,0.958625
"453",453,60,0.27712754010288,53,0.2920555,0.62875,0.37125
"454",454,60,0.27712754010288,54,0.3429,0.922375,0.077625
"455",455,60,0.27712754010288,55,0.3321675,0.865625,0.134375
"456",456,60,0.27712754010288,56,0.261749,0.370875,0.629125
"457",457,60,0.27712754010288,57,0.2749235,0.481125,0.518875
"458",458,60,0.27712754010288,58,0.3179725,0.794125,0.205875
"459",459,60,0.27712754010288,59,0.2275275,0.142625,0.857375
"460",460,60,0.27712754010288,60,0.34489,0.918125,0.081875
"461",461,60,0.27712754010288,61,0.276669,0.497,0.503
"462",462,60,0.27712754010288,62,0.234201,0.1835,0.8165
"463",463,60,0.27712754010288,63,0.245534,0.255375,0.744625
"464",464,60,0.27712754010288,64,0.354634,0.949125,0.050875
"465",465,60,0.27712754010288,65,0.2467525,0.261125,0.738875
"466",466,60,0.27712754010288,66,0.3237565,0.839125,0.160875
"467",467,60,0.27712754010288,67,0.3678355,0.967875,0.032125
"468",468,60,0.27712754010288,68,0.2702555,0.443125,0.556875
"469",469,60,0.27712754010288,69,0.328884,0.849125,0.150875
"470",470,60,0.27712754010288,70,0.2966815,0.653875,0.346125
"471",471,60,0.27712754010288,71,0.2624785,0.38075,0.61925
"472",472,60,0.27712754010288,72,0.3003275,0.686375,0.313625
"473",473,60,0.27712754010288,73,0.3003435,0.680625,0.319375
"474",474,60,0.27712754010288,74,0.3283285,0.8375,0.1625
"475",475,60,0.27712754010288,75,0.3662805,0.96525,0.03475
"476",476,60,0.27712754010288,76,0.263266,0.386375,0.613625
"477",477,60,0.27712754010288,77,0.264094,0.392625,0.607375
"478",478,60,0.27712754010288,78,0.259865,0.357125,0.642875
"479",479,60,0.27712754010288,79,0.263639,0.38825,0.61175
"480",480,60,0.27712754010288,80,0.250417,0.286875,0.713125
"481",481,60,0.27712754010288,81,0.2969975,0.664375,0.335625
"482",482,60,0.27712754010288,82,0.2228685,0.11625,0.88375
"483",483,60,0.27712754010288,83,0.2630765,0.392375,0.607625
"484",484,60,0.27712754010288,84,0.321609,0.820375,0.179625
"485",485,60,0.27712754010288,85,0.2385975,0.19725,0.80275
"486",486,60,0.27712754010288,86,0.222625,0.127875,0.872125
"487",487,60,0.27712754010288,87,0.2700615,0.444125,0.555875
"488",488,60,0.27712754010288,88,0.222879,0.123125,0.876875
"489",489,60,0.27712754010288,89,0.29385,0.632125,0.367875
"490",490,60,0.27712754010288,90,0.2597275,0.353375,0.646625
"491",491,60,0.27712754010288,91,0.267865,0.421375,0.578625
"492",492,60,0.27712754010288,92,0.211565,0.086625,0.913375
"493",493,60,0.27712754010288,93,0.315551,0.791125,0.208875
"494",494,60,0.27712754010288,94,0.2968675,0.655875,0.344125
"495",495,60,0.27712754010288,95,0.246762,0.26875,0.73125
"496",496,60,0.27712754010288,96,0.1572705,0.003875,0.996125
"497",497,60,0.27712754010288,97,0.3123845,0.7725,0.2275
"498",498,60,0.27712754010288,98,0.297892,0.662125,0.337875
"499",499,60,0.27712754010288,99,0.268458,0.43125,0.56875
"500",500,60,0.27712754010288,100,0.4102725,0.99575,0.00425
"501",501,60,0.27712754010288,101,0.23257,0.175125,0.824875
"502",502,60,0.27712754010288,102,0.2888775,0.596125,0.403875
"503",503,60,0.27712754010288,103,0.256599,0.34025,0.65975
"504",504,60,0.27712754010288,104,0.347108,0.928625,0.071375
"505",505,60,0.27712754010288,105,0.1973705,0.041125,0.958875
"506",506,60,0.27712754010288,106,0.1966205,0.044,0.956
"507",507,60,0.27712754010288,107,0.2562875,0.343,0.657
"508",508,60,0.27712754010288,108,0.25574,0.326875,0.673125
"509",509,60,0.27712754010288,109,0.2493605,0.284125,0.715875
"510",510,60,0.27712754010288,110,0.292866,0.62425,0.37575
"511",511,60,0.27712754010288,111,0.30159,0.691125,0.308875
"512",512,60,0.27712754010288,112,0.2113385,0.074625,0.925375
"513",513,60,0.27712754010288,113,0.316766,0.805625,0.194375
"514",514,60,0.27712754010288,114,0.2104545,0.072875,0.927125
"515",515,60,0.27712754010288,115,0.2867095,0.582,0.418
"516",516,60,0.27712754010288,116,0.2731595,0.47025,0.52975
"517",517,60,0.27712754010288,117,0.334551,0.878625,0.121375
"518",518,60,0.27712754010288,118,0.216112,0.095625,0.904375
"519",519,60,0.27712754010288,119,0.2738335,0.475875,0.524125
"520",520,60,0.27712754010288,120,0.1911465,0.033125,0.966875
"521",521,60,0.27712754010288,121,0.224948,0.144375,0.855625
"522",522,60,0.27712754010288,122,0.2104855,0.08125,0.91875
"523",523,60,0.27712754010288,123,0.273637,0.467625,0.532375
"524",524,60,0.27712754010288,124,0.2824025,0.54225,0.45775
"525",525,60,0.27712754010288,125,0.257147,0.341375,0.658625
"526",526,60,0.27712754010288,126,0.260423,0.37075,0.62925
"527",527,60,0.27712754010288,127,0.232,0.162625,0.837375
"528",528,60,0.27712754010288,128,0.2962525,0.65375,0.34625
"529",529,60,0.27712754010288,129,0.22185,0.119875,0.880125
"530",530,60,0.27712754010288,130,0.21013,0.083625,0.916375
"531",531,60,0.27712754010288,131,0.364789,0.96,0.04
"532",532,60,0.27712754010288,132,0.3494535,0.924,0.076
"533",533,60,0.27712754010288,133,0.229435,0.155,0.845
"534",534,60,0.27712754010288,134,0.3104615,0.749875,0.250125
"535",535,60,0.27712754010288,135,0.284743,0.562125,0.437875
"536",536,60,0.27712754010288,136,0.2257015,0.143625,0.856375
"537",537,60,0.27712754010288,137,0.3088695,0.741375,0.258625
"538",538,60,0.27712754010288,138,0.3392285,0.899625,0.100375
"539",539,60,0.27712754010288,139,0.243996,0.2415,0.7585
"540",540,60,0.27712754010288,140,0.3893685,0.990875,0.009125
"541",541,60,0.27712754010288,141,0.2445985,0.23525,0.76475
"542",542,60,0.27712754010288,142,0.3082635,0.74975,0.25025
"543",543,60,0.27712754010288,143,0.2164305,0.088,0.912
"544",544,60,0.27712754010288,144,0.251188,0.289125,0.710875
"545",545,60,0.27712754010288,145,0.3495785,0.927125,0.072875
"546",546,60,0.27712754010288,146,0.340974,0.901,0.099
"547",547,60,0.27712754010288,147,0.350071,0.930125,0.069875
"548",548,60,0.27712754010288,148,0.273304,0.469875,0.530125
"549",549,60,0.27712754010288,149,0.3033405,0.694,0.306
"550",550,60,0.27712754010288,150,0.3145435,0.782375,0.217625
"551",551,60,0.27712754010288,151,0.361901,0.966625,0.033375
"552",552,60,0.27712754010288,152,0.3373945,0.883,0.117
"553",553,60,0.27712754010288,153,0.326357,0.83625,0.16375
"554",554,60,0.27712754010288,154,0.2116135,0.077625,0.922375
"555",555,60,0.27712754010288,155,0.2227845,0.125,0.875
"556",556,60,0.27712754010288,156,0.306541,0.73125,0.26875
"557",557,60,0.27712754010288,157,0.215712,0.091125,0.908875
"558",558,60,0.27712754010288,158,0.245744,0.257625,0.742375
"559",559,60,0.27712754010288,159,0.257996,0.341375,0.658625
"560",560,60,0.27712754010288,160,0.239246,0.206875,0.793125
"561",561,60,0.27712754010288,161,0.248,0.26325,0.73675
"562",562,60,0.27712754010288,162,0.2575815,0.33625,0.66375
"563",563,60,0.27712754010288,163,0.2164535,0.094875,0.905125
"564",564,60,0.27712754010288,164,0.3144835,0.785125,0.214875
"565",565,60,0.27712754010288,165,0.263488,0.3825,0.6175
"566",566,60,0.27712754010288,166,0.279672,0.5235,0.4765
"567",567,60,0.27712754010288,167,0.2425465,0.2355,0.7645
"568",568,60,0.27712754010288,168,0.2810965,0.532125,0.467875
"569",569,60,0.27712754010288,169,0.2655845,0.40375,0.59625
"570",570,60,0.27712754010288,170,0.3911805,0.986625,0.013375
"571",571,60,0.27712754010288,171,0.30506,0.705375,0.294625
"572",572,60,0.27712754010288,172,0.242378,0.232,0.768
"573",573,60,0.27712754010288,173,0.3064405,0.7275,0.2725
"574",574,60,0.27712754010288,174,0.285111,0.56825,0.43175
"575",575,60,0.27712754010288,175,0.2936435,0.629625,0.370375
"576",576,60,0.27712754010288,176,0.2594245,0.3565,0.6435
"577",577,60,0.27712754010288,177,0.3389955,0.88925,0.11075
"578",578,60,0.27712754010288,178,0.2473465,0.2715,0.7285
"579",579,60,0.27712754010288,179,0.275961,0.490125,0.509875
"580",580,60,0.27712754010288,180,0.2384085,0.204125,0.795875
"581",581,60,0.27712754010288,181,0.282671,0.546625,0.453375
"582",582,60,0.27712754010288,182,0.3134805,0.78075,0.21925
"583",583,60,0.27712754010288,183,0.309111,0.74975,0.25025
"584",584,60,0.27712754010288,184,0.2655905,0.408375,0.591625
"585",585,60,0.27712754010288,185,0.284628,0.559375,0.440625
"586",586,60,0.27712754010288,186,0.2650545,0.400875,0.599125
"587",587,60,0.27712754010288,187,0.2061845,0.0635,0.9365
"588",588,60,0.27712754010288,188,0.2512255,0.288,0.712
"589",589,60,0.27712754010288,189,0.2916155,0.614,0.386
"590",590,60,0.27712754010288,190,0.2488935,0.27225,0.72775
"591",591,60,0.27712754010288,191,0.3196185,0.805625,0.194375
"592",592,60,0.27712754010288,192,0.253482,0.30025,0.69975
"593",593,60,0.27712754010288,193,0.235336,0.186,0.814
"594",594,60,0.27712754010288,194,0.3222525,0.8235,0.1765
"595",595,60,0.27712754010288,195,0.2617555,0.361875,0.638125
"596",596,60,0.27712754010288,196,0.1859345,0.02175,0.97825
"597",597,60,0.27712754010288,197,0.265384,0.403,0.597
"598",598,60,0.27712754010288,198,0.2071005,0.066125,0.933875
"599",599,60,0.27712754010288,199,0.293163,0.63475,0.36525
"600",600,60,0.27712754010288,200,0.284163,0.562,0.438
"601",601,60,0.41569131015432,1,0.336953,0.882625,0.117375
"602",602,60,0.41569131015432,2,0.4591795,0.999875,0.000125
"603",603,60,0.41569131015432,3,0.4131665,0.9975,0.0025
"604",604,60,0.41569131015432,4,0.30162,0.68925,0.31075
"605",605,60,0.41569131015432,5,0.472113,0.99975,0.00025
"606",606,60,0.41569131015432,6,0.447815,0.99925,0.00075
"607",607,60,0.41569131015432,7,0.535469,1,0
"608",608,60,0.41569131015432,8,0.403324,0.99575,0.00425
"609",609,60,0.41569131015432,9,0.36336,0.95275,0.04725
"610",610,60,0.41569131015432,10,0.318376,0.78475,0.21525
"611",611,60,0.41569131015432,11,0.36408,0.956125,0.043875
"612",612,60,0.41569131015432,12,0.4294505,0.998625,0.001375
"613",613,60,0.41569131015432,13,0.43882,0.99975,0.00025
"614",614,60,0.41569131015432,14,0.294967,0.63825,0.36175
"615",615,60,0.41569131015432,15,0.365591,0.958875,0.041125
"616",616,60,0.41569131015432,16,0.346981,0.93025,0.06975
"617",617,60,0.41569131015432,17,0.4319605,0.9975,0.0025
"618",618,60,0.41569131015432,18,0.4359625,0.999375,0.000625
"619",619,60,0.41569131015432,19,0.466786,0.999625,0.000375
"620",620,60,0.41569131015432,20,0.385579,0.98425,0.01575
"621",621,60,0.41569131015432,21,0.3421725,0.90075,0.09925
"622",622,60,0.41569131015432,22,0.4103135,0.99475,0.00525
"623",623,60,0.41569131015432,23,0.428462,0.99925,0.00075
"624",624,60,0.41569131015432,24,0.447909,0.999875,0.000125
"625",625,60,0.41569131015432,25,0.3136855,0.76975,0.23025
"626",626,60,0.41569131015432,26,0.3104565,0.763375,0.236625
"627",627,60,0.41569131015432,27,0.4031455,0.994375,0.005625
"628",628,60,0.41569131015432,28,0.4184,0.996375,0.003625
"629",629,60,0.41569131015432,29,0.3540965,0.93875,0.06125
"630",630,60,0.41569131015432,30,0.4416625,0.999625,0.000375
"631",631,60,0.41569131015432,31,0.469987,0.999875,0.000125
"632",632,60,0.41569131015432,32,0.307999,0.7375,0.2625
"633",633,60,0.41569131015432,33,0.266049,0.404375,0.595625
"634",634,60,0.41569131015432,34,0.4516995,0.999375,0.000625
"635",635,60,0.41569131015432,35,0.283341,0.551375,0.448625
"636",636,60,0.41569131015432,36,0.4038345,0.993375,0.006625
"637",637,60,0.41569131015432,37,0.393547,0.988,0.012
"638",638,60,0.41569131015432,38,0.51722,1,0
"639",639,60,0.41569131015432,39,0.3564455,0.943875,0.056125
"640",640,60,0.41569131015432,40,0.3533315,0.93675,0.06325
"641",641,60,0.41569131015432,41,0.3448795,0.91625,0.08375
"642",642,60,0.41569131015432,42,0.535478,1,0
"643",643,60,0.41569131015432,43,0.34981,0.939,0.061
"644",644,60,0.41569131015432,44,0.418458,0.998625,0.001375
"645",645,60,0.41569131015432,45,0.3584505,0.955375,0.044625
"646",646,60,0.41569131015432,46,0.302477,0.7,0.3
"647",647,60,0.41569131015432,47,0.3474625,0.91975,0.08025
"648",648,60,0.41569131015432,48,0.5047545,1,0
"649",649,60,0.41569131015432,49,0.438284,0.997875,0.002125
"650",650,60,0.41569131015432,50,0.4950505,1,0
"651",651,60,0.41569131015432,51,0.493144,1,0
"652",652,60,0.41569131015432,52,0.4306685,0.999375,0.000625
"653",653,60,0.41569131015432,53,0.3753325,0.976875,0.023125
"654",654,60,0.41569131015432,54,0.3665335,0.963375,0.036625
"655",655,60,0.41569131015432,55,0.426872,0.999375,0.000625
"656",656,60,0.41569131015432,56,0.401798,0.993125,0.006875
"657",657,60,0.41569131015432,57,0.4004885,0.993625,0.006375
"658",658,60,0.41569131015432,58,0.2552875,0.326375,0.673625
"659",659,60,0.41569131015432,59,0.4489375,0.999,0.001
"660",660,60,0.41569131015432,60,0.5175305,1,0
"661",661,60,0.41569131015432,61,0.3749735,0.978,0.022
"662",662,60,0.41569131015432,62,0.494963,1,0
"663",663,60,0.41569131015432,63,0.339224,0.8885,0.1115
"664",664,60,0.41569131015432,64,0.461958,0.99975,0.00025
"665",665,60,0.41569131015432,65,0.464876,0.999875,0.000125
"666",666,60,0.41569131015432,66,0.28818,0.592625,0.407375
"667",667,60,0.41569131015432,67,0.446687,0.998625,0.001375
"668",668,60,0.41569131015432,68,0.432796,0.999,0.001
"669",669,60,0.41569131015432,69,0.389711,0.989125,0.010875
"670",670,60,0.41569131015432,70,0.395029,0.9915,0.0085
"671",671,60,0.41569131015432,71,0.3805715,0.977,0.023
"672",672,60,0.41569131015432,72,0.409233,0.995,0.005
"673",673,60,0.41569131015432,73,0.3026465,0.707,0.293
"674",674,60,0.41569131015432,74,0.3289715,0.856,0.144
"675",675,60,0.41569131015432,75,0.459859,0.999625,0.000375
"676",676,60,0.41569131015432,76,0.4194015,0.998125,0.001875
"677",677,60,0.41569131015432,77,0.343987,0.909375,0.090625
"678",678,60,0.41569131015432,78,0.461767,1,0
"679",679,60,0.41569131015432,79,0.373075,0.976875,0.023125
"680",680,60,0.41569131015432,80,0.3872005,0.985625,0.014375
"681",681,60,0.41569131015432,81,0.3886465,0.985625,0.014375
"682",682,60,0.41569131015432,82,0.427182,0.997625,0.002375
"683",683,60,0.41569131015432,83,0.337157,0.88575,0.11425
"684",684,60,0.41569131015432,84,0.4282965,0.9995,5e-04
"685",685,60,0.41569131015432,85,0.3957025,0.991125,0.008875
"686",686,60,0.41569131015432,86,0.3645625,0.95925,0.04075
"687",687,60,0.41569131015432,87,0.27096,0.445,0.555
"688",688,60,0.41569131015432,88,0.430748,0.999125,0.000875
"689",689,60,0.41569131015432,89,0.320428,0.81475,0.18525
"690",690,60,0.41569131015432,90,0.374306,0.9765,0.0235
"691",691,60,0.41569131015432,91,0.4037345,0.99675,0.00325
"692",692,60,0.41569131015432,92,0.5181545,0.999875,0.000125
"693",693,60,0.41569131015432,93,0.419461,0.9985,0.0015
"694",694,60,0.41569131015432,94,0.4462105,0.999,0.001
"695",695,60,0.41569131015432,95,0.479419,1,0
"696",696,60,0.41569131015432,96,0.4779385,0.999875,0.000125
"697",697,60,0.41569131015432,97,0.414469,0.995625,0.004375
"698",698,60,0.41569131015432,98,0.3505205,0.9315,0.0685
"699",699,60,0.41569131015432,99,0.4111875,0.99375,0.00625
"700",700,60,0.41569131015432,100,0.3723305,0.970875,0.029125
"701",701,60,0.41569131015432,101,0.511811,1,0
"702",702,60,0.41569131015432,102,0.324169,0.840625,0.159375
"703",703,60,0.41569131015432,103,0.3448,0.908875,0.091125
"704",704,60,0.41569131015432,104,0.3487865,0.925625,0.074375
"705",705,60,0.41569131015432,105,0.2560515,0.32325,0.67675
"706",706,60,0.41569131015432,106,0.368214,0.968375,0.031625
"707",707,60,0.41569131015432,107,0.4264985,0.998375,0.001625
"708",708,60,0.41569131015432,108,0.5076305,1,0
"709",709,60,0.41569131015432,109,0.293405,0.629875,0.370125
"710",710,60,0.41569131015432,110,0.407436,0.9945,0.0055
"711",711,60,0.41569131015432,111,0.4394455,0.99875,0.00125
"712",712,60,0.41569131015432,112,0.563845,1,0
"713",713,60,0.41569131015432,113,0.444013,0.999625,0.000375
"714",714,60,0.41569131015432,114,0.3475845,0.9215,0.0785
"715",715,60,0.41569131015432,115,0.399341,0.99175,0.00825
"716",716,60,0.41569131015432,116,0.5020205,1,0
"717",717,60,0.41569131015432,117,0.6636605,1,0
"718",718,60,0.41569131015432,118,0.455483,1,0
"719",719,60,0.41569131015432,119,0.507533,1,0
"720",720,60,0.41569131015432,120,0.3178335,0.8045,0.1955
"721",721,60,0.41569131015432,121,0.3985085,0.9935,0.0065
"722",722,60,0.41569131015432,122,0.3588855,0.950875,0.049125
"723",723,60,0.41569131015432,123,0.569421,1,0
"724",724,60,0.41569131015432,124,0.492516,0.999875,0.000125
"725",725,60,0.41569131015432,125,0.443062,1,0
"726",726,60,0.41569131015432,126,0.3569395,0.95125,0.04875
"727",727,60,0.41569131015432,127,0.4420885,0.999625,0.000375
"728",728,60,0.41569131015432,128,0.465611,1,0
"729",729,60,0.41569131015432,129,0.3505755,0.93275,0.06725
"730",730,60,0.41569131015432,130,0.4608815,0.9995,5e-04
"731",731,60,0.41569131015432,131,0.4413715,0.9995,5e-04
"732",732,60,0.41569131015432,132,0.4598445,1,0
"733",733,60,0.41569131015432,133,0.456819,0.9995,5e-04
"734",734,60,0.41569131015432,134,0.440966,0.99925,0.00075
"735",735,60,0.41569131015432,135,0.404102,0.996,0.004
"736",736,60,0.41569131015432,136,0.3919175,0.99025,0.00975
"737",737,60,0.41569131015432,137,0.4970085,1,0
"738",738,60,0.41569131015432,138,0.457374,0.999875,0.000125
"739",739,60,0.41569131015432,139,0.360718,0.95625,0.04375
"740",740,60,0.41569131015432,140,0.400882,0.991625,0.008375
"741",741,60,0.41569131015432,141,0.332987,0.858875,0.141125
"742",742,60,0.41569131015432,142,0.3575685,0.94525,0.05475
"743",743,60,0.41569131015432,143,0.4187575,0.997875,0.002125
"744",744,60,0.41569131015432,144,0.2944895,0.635625,0.364375
"745",745,60,0.41569131015432,145,0.3922805,0.990125,0.009875
"746",746,60,0.41569131015432,146,0.378321,0.98025,0.01975
"747",747,60,0.41569131015432,147,0.384262,0.978,0.022
"748",748,60,0.41569131015432,148,0.3898,0.988,0.012
"749",749,60,0.41569131015432,149,0.486537,1,0
"750",750,60,0.41569131015432,150,0.4082075,0.99375,0.00625
"751",751,60,0.41569131015432,151,0.405137,0.9965,0.0035
"752",752,60,0.41569131015432,152,0.361137,0.95575,0.04425
"753",753,60,0.41569131015432,153,0.475204,1,0
"754",754,60,0.41569131015432,154,0.3988735,0.992375,0.007625
"755",755,60,0.41569131015432,155,0.3587415,0.94625,0.05375
"756",756,60,0.41569131015432,156,0.3617325,0.959375,0.040625
"757",757,60,0.41569131015432,157,0.286504,0.582125,0.417875
"758",758,60,0.41569131015432,158,0.394987,0.98975,0.01025
"759",759,60,0.41569131015432,159,0.3950325,0.992625,0.007375
"760",760,60,0.41569131015432,160,0.4372075,0.9995,5e-04
"761",761,60,0.41569131015432,161,0.4791135,1,0
"762",762,60,0.41569131015432,162,0.3592575,0.95075,0.04925
"763",763,60,0.41569131015432,163,0.3741725,0.971625,0.028375
"764",764,60,0.41569131015432,164,0.3373055,0.898,0.102
"765",765,60,0.41569131015432,165,0.535751,1,0
"766",766,60,0.41569131015432,166,0.351431,0.929875,0.070125
"767",767,60,0.41569131015432,167,0.284407,0.559125,0.440875
"768",768,60,0.41569131015432,168,0.502679,1,0
"769",769,60,0.41569131015432,169,0.4328465,0.998875,0.001125
"770",770,60,0.41569131015432,170,0.386791,0.987,0.013
"771",771,60,0.41569131015432,171,0.418921,0.99825,0.00175
"772",772,60,0.41569131015432,172,0.3823615,0.9835,0.0165
"773",773,60,0.41569131015432,173,0.325287,0.83425,0.16575
"774",774,60,0.41569131015432,174,0.3745475,0.97575,0.02425
"775",775,60,0.41569131015432,175,0.499787,1,0
"776",776,60,0.41569131015432,176,0.367767,0.96775,0.03225
"777",777,60,0.41569131015432,177,0.339644,0.90475,0.09525
"778",778,60,0.41569131015432,178,0.4354985,0.9995,5e-04
"779",779,60,0.41569131015432,179,0.404989,0.995,0.005
"780",780,60,0.41569131015432,180,0.4442855,0.999125,0.000875
"781",781,60,0.41569131015432,181,0.4940865,1,0
"782",782,60,0.41569131015432,182,0.337444,0.882,0.118
"783",783,60,0.41569131015432,183,0.452185,0.9995,5e-04
"784",784,60,0.41569131015432,184,0.3877095,0.988625,0.011375
"785",785,60,0.41569131015432,185,0.3734565,0.97175,0.02825
"786",786,60,0.41569131015432,186,0.4633535,0.999625,0.000375
"787",787,60,0.41569131015432,187,0.290684,0.60825,0.39175
"788",788,60,0.41569131015432,188,0.3902035,0.987875,0.012125
"789",789,60,0.41569131015432,189,0.4744095,0.999875,0.000125
"790",790,60,0.41569131015432,190,0.318023,0.79725,0.20275
"791",791,60,0.41569131015432,191,0.404303,0.995125,0.004875
"792",792,60,0.41569131015432,192,0.396514,0.9915,0.0085
"793",793,60,0.41569131015432,193,0.3064295,0.72325,0.27675
"794",794,60,0.41569131015432,194,0.376938,0.9725,0.0275
"795",795,60,0.41569131015432,195,0.3789105,0.9735,0.0265
"796",796,60,0.41569131015432,196,0.3216945,0.821125,0.178875
"797",797,60,0.41569131015432,197,0.5075775,1,0
"798",798,60,0.41569131015432,198,0.3731625,0.97525,0.02475
"799",799,60,0.41569131015432,199,0.5056885,1,0
"800",800,60,0.41569131015432,200,0.447795,1,0
"801",801,60,0.554255080205761,1,0.5126935,1,0
"802",802,60,0.554255080205761,2,0.6234145,1,0
"803",803,60,0.554255080205761,3,0.4975065,1,0
"804",804,60,0.554255080205761,4,0.4398305,0.9995,5e-04
"805",805,60,0.554255080205761,5,0.599303,1,0
"806",806,60,0.554255080205761,6,0.4398335,0.999625,0.000375
"807",807,60,0.554255080205761,7,0.7501865,1,0
"808",808,60,0.554255080205761,8,0.619851,1,0
"809",809,60,0.554255080205761,9,0.4834435,1,0
"810",810,60,0.554255080205761,10,0.527376,1,0
"811",811,60,0.554255080205761,11,0.6241995,1,0
"812",812,60,0.554255080205761,12,0.596102,1,0
"813",813,60,0.554255080205761,13,0.446973,0.9995,5e-04
"814",814,60,0.554255080205761,14,0.64958,1,0
"815",815,60,0.554255080205761,15,0.444746,0.99925,0.00075
"816",816,60,0.554255080205761,16,0.5165005,1,0
"817",817,60,0.554255080205761,17,0.6165845,1,0
"818",818,60,0.554255080205761,18,0.6304425,1,0
"819",819,60,0.554255080205761,19,0.651963,1,0
"820",820,60,0.554255080205761,20,0.56584,1,0
"821",821,60,0.554255080205761,21,0.4865395,1,0
"822",822,60,0.554255080205761,22,0.512098,1,0
"823",823,60,0.554255080205761,23,0.552885,1,0
"824",824,60,0.554255080205761,24,0.5791975,1,0
"825",825,60,0.554255080205761,25,0.6404795,1,0
"826",826,60,0.554255080205761,26,0.4090495,0.99725,0.00275
"827",827,60,0.554255080205761,27,0.463314,1,0
"828",828,60,0.554255080205761,28,0.6663745,1,0
"829",829,60,0.554255080205761,29,0.5522265,1,0
"830",830,60,0.554255080205761,30,0.499405,1,0
"831",831,60,0.554255080205761,31,0.474174,1,0
"832",832,60,0.554255080205761,32,0.529289,1,0
"833",833,60,0.554255080205761,33,0.65638,1,0
"834",834,60,0.554255080205761,34,0.509357,1,0
"835",835,60,0.554255080205761,35,0.533359,1,0
"836",836,60,0.554255080205761,36,0.5918735,1,0
"837",837,60,0.554255080205761,37,0.4151945,0.996375,0.003625
"838",838,60,0.554255080205761,38,0.6033215,1,0
"839",839,60,0.554255080205761,39,0.498557,1,0
"840",840,60,0.554255080205761,40,0.5764375,1,0
"841",841,60,0.554255080205761,41,0.543689,1,0
"842",842,60,0.554255080205761,42,0.636836,1,0
"843",843,60,0.554255080205761,43,0.620176,1,0
"844",844,60,0.554255080205761,44,0.426645,0.999125,0.000875
"845",845,60,0.554255080205761,45,0.434918,0.9985,0.0015
"846",846,60,0.554255080205761,46,0.452149,0.9995,5e-04
"847",847,60,0.554255080205761,47,0.5069935,1,0
"848",848,60,0.554255080205761,48,0.484888,0.999875,0.000125
"849",849,60,0.554255080205761,49,0.557938,1,0
"850",850,60,0.554255080205761,50,0.560539,1,0
"851",851,60,0.554255080205761,51,0.502092,1,0
"852",852,60,0.554255080205761,52,0.5555725,1,0
"853",853,60,0.554255080205761,53,0.5238875,1,0
"854",854,60,0.554255080205761,54,0.534447,1,0
"855",855,60,0.554255080205761,55,0.471003,1,0
"856",856,60,0.554255080205761,56,0.63825,1,0
"857",857,60,0.554255080205761,57,0.4662025,0.999875,0.000125
"858",858,60,0.554255080205761,58,0.5377575,1,0
"859",859,60,0.554255080205761,59,0.5855995,1,0
"860",860,60,0.554255080205761,60,0.558607,1,0
"861",861,60,0.554255080205761,61,0.612685,1,0
"862",862,60,0.554255080205761,62,0.4298315,0.99925,0.00075
"863",863,60,0.554255080205761,63,0.619319,1,0
"864",864,60,0.554255080205761,64,0.4383535,0.998875,0.001125
"865",865,60,0.554255080205761,65,0.4560665,0.999375,0.000625
"866",866,60,0.554255080205761,66,0.5003445,1,0
"867",867,60,0.554255080205761,67,0.454189,0.999875,0.000125
"868",868,60,0.554255080205761,68,0.7343215,1,0
"869",869,60,0.554255080205761,69,0.517907,1,0
"870",870,60,0.554255080205761,70,0.6105025,1,0
"871",871,60,0.554255080205761,71,0.643362,1,0
"872",872,60,0.554255080205761,72,0.473724,1,0
"873",873,60,0.554255080205761,73,0.435571,0.998625,0.001375
"874",874,60,0.554255080205761,74,0.432047,0.998875,0.001125
"875",875,60,0.554255080205761,75,0.568613,1,0
"876",876,60,0.554255080205761,76,0.765304,1,0
"877",877,60,0.554255080205761,77,0.577711,1,0
"878",878,60,0.554255080205761,78,0.651389,1,0
"879",879,60,0.554255080205761,79,0.6705155,1,0
"880",880,60,0.554255080205761,80,0.6581465,1,0
"881",881,60,0.554255080205761,81,0.6600965,1,0
"882",882,60,0.554255080205761,82,0.5617875,1,0
"883",883,60,0.554255080205761,83,0.6346195,1,0
"884",884,60,0.554255080205761,84,0.4831915,1,0
"885",885,60,0.554255080205761,85,0.597476,1,0
"886",886,60,0.554255080205761,86,0.6457885,1,0
"887",887,60,0.554255080205761,87,0.579672,1,0
"888",888,60,0.554255080205761,88,0.543487,1,0
"889",889,60,0.554255080205761,89,0.627735,1,0
"890",890,60,0.554255080205761,90,0.624699,1,0
"891",891,60,0.554255080205761,91,0.482793,1,0
"892",892,60,0.554255080205761,92,0.624621,1,0
"893",893,60,0.554255080205761,93,0.515417,1,0
"894",894,60,0.554255080205761,94,0.449355,0.99875,0.00125
"895",895,60,0.554255080205761,95,0.5561625,1,0
"896",896,60,0.554255080205761,96,0.583874,1,0
"897",897,60,0.554255080205761,97,0.628008,1,0
"898",898,60,0.554255080205761,98,0.6754985,1,0
"899",899,60,0.554255080205761,99,0.6278385,1,0
"900",900,60,0.554255080205761,100,0.5008135,1,0
"901",901,60,0.554255080205761,101,0.5092765,1,0
"902",902,60,0.554255080205761,102,0.5595385,1,0
"903",903,60,0.554255080205761,103,0.5948865,1,0
"904",904,60,0.554255080205761,104,0.668946,1,0
"905",905,60,0.554255080205761,105,0.4598945,0.999875,0.000125
"906",906,60,0.554255080205761,106,0.5617405,1,0
"907",907,60,0.554255080205761,107,0.6500345,1,0
"908",908,60,0.554255080205761,108,0.5082195,1,0
"909",909,60,0.554255080205761,109,0.4490285,0.998875,0.001125
"910",910,60,0.554255080205761,110,0.5952795,1,0
"911",911,60,0.554255080205761,111,0.4617735,1,0
"912",912,60,0.554255080205761,112,0.641974,1,0
"913",913,60,0.554255080205761,113,0.6340025,1,0
"914",914,60,0.554255080205761,114,0.5562665,1,0
"915",915,60,0.554255080205761,115,0.429898,0.9985,0.0015
"916",916,60,0.554255080205761,116,0.588807,1,0
"917",917,60,0.554255080205761,117,0.636239,1,0
"918",918,60,0.554255080205761,118,0.5745845,1,0
"919",919,60,0.554255080205761,119,0.4884,1,0
"920",920,60,0.554255080205761,120,0.584435,1,0
"921",921,60,0.554255080205761,121,0.413343,0.997,0.003
"922",922,60,0.554255080205761,122,0.5366425,1,0
"923",923,60,0.554255080205761,123,0.6417315,1,0
"924",924,60,0.554255080205761,124,0.5108835,1,0
"925",925,60,0.554255080205761,125,0.6451345,1,0
"926",926,60,0.554255080205761,126,0.691372,1,0
"927",927,60,0.554255080205761,127,0.524707,1,0
"928",928,60,0.554255080205761,128,0.487863,1,0
"929",929,60,0.554255080205761,129,0.4933495,1,0
"930",930,60,0.554255080205761,130,0.5528635,1,0
"931",931,60,0.554255080205761,131,0.4323135,0.998625,0.001375
"932",932,60,0.554255080205761,132,0.502858,1,0
"933",933,60,0.554255080205761,133,0.7541195,1,0
"934",934,60,0.554255080205761,134,0.4808075,1,0
"935",935,60,0.554255080205761,135,0.5693645,1,0
"936",936,60,0.554255080205761,136,0.50643,1,0
"937",937,60,0.554255080205761,137,0.430421,0.998875,0.001125
"938",938,60,0.554255080205761,138,0.5423865,1,0
"939",939,60,0.554255080205761,139,0.6247925,1,0
"940",940,60,0.554255080205761,140,0.4655145,1,0
"941",941,60,0.554255080205761,141,0.4919035,1,0
"942",942,60,0.554255080205761,142,0.587326,1,0
"943",943,60,0.554255080205761,143,0.6420345,1,0
"944",944,60,0.554255080205761,144,0.587585,1,0
"945",945,60,0.554255080205761,145,0.4777825,1,0
"946",946,60,0.554255080205761,146,0.495986,0.999875,0.000125
"947",947,60,0.554255080205761,147,0.588136,1,0
"948",948,60,0.554255080205761,148,0.753685,1,0
"949",949,60,0.554255080205761,149,0.524715,1,0
"950",950,60,0.554255080205761,150,0.52283,1,0
"951",951,60,0.554255080205761,151,0.64151,1,0
"952",952,60,0.554255080205761,152,0.6545515,1,0
"953",953,60,0.554255080205761,153,0.5612545,1,0
"954",954,60,0.554255080205761,154,0.4335645,0.9995,5e-04
"955",955,60,0.554255080205761,155,0.5741095,1,0
"956",956,60,0.554255080205761,156,0.597516,1,0
"957",957,60,0.554255080205761,157,0.3993465,0.994125,0.005875
"958",958,60,0.554255080205761,158,0.6530085,1,0
"959",959,60,0.554255080205761,159,0.622675,1,0
"960",960,60,0.554255080205761,160,0.4175055,0.99875,0.00125
"961",961,60,0.554255080205761,161,0.726715,1,0
"962",962,60,0.554255080205761,162,0.530162,1,0
"963",963,60,0.554255080205761,163,0.4332575,0.999125,0.000875
"964",964,60,0.554255080205761,164,0.5275755,1,0
"965",965,60,0.554255080205761,165,0.5322045,1,0
"966",966,60,0.554255080205761,166,0.546279,1,0
"967",967,60,0.554255080205761,167,0.68393,1,0
"968",968,60,0.554255080205761,168,0.453568,1,0
"969",969,60,0.554255080205761,169,0.5685405,1,0
"970",970,60,0.554255080205761,170,0.7934745,1,0
"971",971,60,0.554255080205761,171,0.5366235,1,0
"972",972,60,0.554255080205761,172,0.8127535,1,0
"973",973,60,0.554255080205761,173,0.565896,1,0
"974",974,60,0.554255080205761,174,0.526538,1,0
"975",975,60,0.554255080205761,175,0.5238745,1,0
"976",976,60,0.554255080205761,176,0.4984285,1,0
"977",977,60,0.554255080205761,177,0.530571,1,0
"978",978,60,0.554255080205761,178,0.4019765,0.993625,0.006375
"979",979,60,0.554255080205761,179,0.3805295,0.9765,0.0235
"980",980,60,0.554255080205761,180,0.6179705,1,0
"981",981,60,0.554255080205761,181,0.560825,1,0
"982",982,60,0.554255080205761,182,0.529488,1,0
"983",983,60,0.554255080205761,183,0.5685435,1,0
"984",984,60,0.554255080205761,184,0.5645395,1,0
"985",985,60,0.554255080205761,185,0.4801045,1,0
"986",986,60,0.554255080205761,186,0.499739,1,0
"987",987,60,0.554255080205761,187,0.488319,1,0
"988",988,60,0.554255080205761,188,0.62981,1,0
"989",989,60,0.554255080205761,189,0.6887435,1,0
"990",990,60,0.554255080205761,190,0.5450495,1,0
"991",991,60,0.554255080205761,191,0.4954705,1,0
"992",992,60,0.554255080205761,192,0.590053,1,0
"993",993,60,0.554255080205761,193,0.4823915,1,0
"994",994,60,0.554255080205761,194,0.4871555,1,0
"995",995,60,0.554255080205761,195,0.842129,1,0
"996",996,60,0.554255080205761,196,0.480171,1,0
"997",997,60,0.554255080205761,197,0.4884095,1,0
"998",998,60,0.554255080205761,198,0.6969395,1,0
"999",999,60,0.554255080205761,199,0.6041975,1,0
"1000",1000,60,0.554255080205761,200,0.659681,1,0
