"","x"
"ea57eb5a-74a8-4452-9839-6d0923408342","aqmw"
"9ac99ddf-eddb-4110-9247-ce000d9ef361","le39"
"6354fcd6-b8ef-4ac2-98f1-bf3cb850dec0","7ury"
"bd512485-7c83-4df1-9f8c-28a89d7c31c8","j7v2"
"d599ad19-3339-4796-8439-81c06bdd4e7f","achk"
"d85368f7-fa2d-445d-80a8-66afcd51a06d","4ujh"
"5e6b8ae2-9aed-4730-84d5-9d3ccfcdd3fa","27i9"
"b8d4c201-8e54-4947-b5db-35d157959e93","ebyv"
"5387046e-2e05-417c-9c72-de351c65c747","x0c6"
"acddbab6-32b4-480d-964e-9f15668ccb37","aacx"
"9763dbf3-49e0-45cc-a1aa-8818c1f36afe","edpr"
"6597b263-6752-495f-b206-df69978e5e1b","hgxb"
"4107ad91-71ad-4ab2-acbc-8ff0a3397404","tyjp"
"e398513f-1a24-4fbf-955b-c394565b7d2e","o7jr"
"69a7fde2-687f-4f8b-a790-48321bde30d4","wkx4"
"e7f3ebc9-470d-45c9-a407-c52c7a34af5f","b2h0"
"9c92aa7a-50ed-4865-a556-5960c374dcc3","7tjx"
"5fc8cead-ac28-4950-8220-b49f9fd71d98","kihn"
"3405ac86-2dea-4e41-ab35-4ca3b965630c","sxl3"
"181ba4d1-5424-497c-ba6f-7af63b990649","mgj8"
"2c934c83-f6a8-4b0f-92ba-65f98e96e9f4","ikgx"
"9107af5b-4f0c-493a-ab58-b8dc39c6f5bf","630r"
"9c7290a6-f388-45ef-a75f-33520e8797a2","gzxq"
"5121531d-8b13-4105-88d3-e0219c4ffdd9","spky"
"71970414-b882-4d7d-85c8-33f3ce6f1dbe","cxzr"
"6c47a509-524c-4baf-a332-3869c310c55b","9vqw"
"63916d12-7c8c-43a0-b0b5-0d49257dbc40","0dvr"
"147868f3-cad4-4fbf-84cb-e1392bcdd713","vtxy"
"eb86d3f8-230c-4e7a-b757-00ac7df3efc8","nxnr"
"5e8a666f-69e2-4e4a-b6df-cde69bb975d6","htlp"
"ac95d0fc-7730-41f3-a981-3c330f9c2ca1","jut7"
"50e2ff68-bb49-4565-ac8c-7300b968bf56","oy0t"
"4d3e693b-8dc5-4744-98d4-86ec7565671f","3rw5"
"6fe69ee3-673e-4953-956d-3afdffb20270","jd8r"
"560b0eb5-4846-484d-979e-11663e3a6af3","un5l"
"27df6a65-7a8b-409d-bec8-e9f990b8607a","a8hi"
"35cb595a-f487-4949-a2ce-497536508039","wawx"
"976ae137-cf8d-4991-b1d2-6e5c8b1a1adb","0th3"
"b79b7fa1-7367-4b1b-9a93-5b031f0373d0","e6d9"
"fd618989-d6bc-4bd4-849e-36249ff53a1c","y64n"
