"","n_subj","tau_true","sim_n","tau_med","p_gt_star","p_lt_star"
"1",50,0,1,0.02489648483968,0,1
"2",50,0,2,0.0311463098083655,0,1
"3",50,0,3,0.0369119518153776,0,1
"4",50,0,4,0.0273363274895301,0,1
"5",50,0,5,0.0174168091112305,0,1
"6",50,0,6,0.019618660123378,0,1
"7",50,0,7,0.0223968624927882,0,1
"8",50,0,8,0.0319029579367735,0,1
"9",50,0,9,0.0318061435565201,0,1
"10",50,0,10,0.0157230684452254,0,1
"11",50,0,11,0.0301584113056406,0,1
"12",50,0,12,0.0269770011568254,0,1
"13",50,0,13,0.0320506379070732,0,1
"14",50,0,14,0.0298166791482242,0,1
"15",50,0,15,0.0474863699571322,0,1
"16",50,0,16,0.0298085701178487,0,1
"17",50,0,17,0.0265432341788042,0,1
"18",50,0,18,0.043739780447661,0,1
"19",50,0,19,0.0429160204974821,0,1
"20",50,0,20,0.0406152772598427,0,1
"21",50,0,21,0.0587726345277933,0,1
"22",50,0,22,0.0159012343629936,0,1
"23",50,0,23,0.0365285110156465,0,1
"24",50,0,24,0.0233018032365783,0,1
"25",50,0,25,0.0204873798380107,0,1
"26",50,0,26,0.0303165410184705,0,1
"27",50,0,27,0.0247502746132925,0,1
"28",50,0,28,0.05039714886764,0,1
"29",50,0,29,0.021716024960944,0,1
"30",50,0,30,0.0271710459252381,0,1
"31",50,0,31,0.0286852488954525,0,1
"32",50,0,32,0.0201039281152607,0,1
"33",50,0,33,0.0285313383892459,0,1
"34",50,0,34,0.0233930011910354,0,1
"35",50,0,35,0.0147762140496025,0,1
"36",50,0,36,0.0228693873702745,0,1
"37",50,0,37,0.0730760573891877,0,1
"38",50,0,38,0.0532603657655843,0,1
"39",50,0,39,0.0256290179250693,0,1
"40",50,0,40,0.0221354427927486,0,1
"41",50,0,41,0.0190100714453157,0,1
"42",50,0,42,0.0178413120522497,0,1
"43",50,0,43,0.0275525215334229,0,1
"44",50,0,44,0.0200779787959943,0,1
"45",50,0,45,0.0350405904865081,0,1
"46",50,0,46,0.0239081580904732,0,1
"47",50,0,47,0.0162247607753555,0,1
"48",50,0,48,0.0276080327945614,0,1
"49",50,0,49,0.0601673218773379,0,1
"50",50,0,50,0.0165396003133187,0,1
"51",50,0,51,0.0245555263286334,0,1
"52",50,0,52,0.0383363835948319,0,1
"53",50,0,53,0.0691566037908782,0,1
"54",50,0,54,0.0226063952844938,0,1
"55",50,0,55,0.0412715537067645,0,1
"56",50,0,56,0.0142679144594314,0,1
"57",50,0,57,0.0300319416511669,0,1
"58",50,0,58,0.0329555491833644,0,1
"59",50,0,59,0.0226605594976477,0,1
"60",50,0,60,0.0252244921533655,0,1
"61",50,0,61,0.0433121098173848,0,1
"62",50,0,62,0.0240012591693285,0,1
"63",50,0,63,0.0192411058781573,0,1
"64",50,0,64,0.0280084898240128,0,1
"65",50,0,65,0.0450548208037633,0,1
"66",50,0,66,0.0181639969972457,0,1
"67",50,0,67,0.0186499906513156,0,1
"68",50,0,68,0.0194730472312751,0,1
"69",50,0,69,0.0162646737418565,0,1
"70",50,0,70,0.0158471440952846,0,1
"71",50,0,71,0.0160827679770894,0,1
"72",50,0,72,0.0210178144593042,0,1
"73",50,0,73,0.0193997437643979,0,1
"74",50,0,74,0.0340439186468368,0,1
"75",50,0,75,0.0297647404867107,0,1
"76",50,0,76,0.0272242946382539,0,1
"77",50,0,77,0.0181231059526224,0,1
"78",50,0,78,0.0470417741578855,0,1
"79",50,0,79,0.0349875897473141,0,1
"80",50,0,80,0.0211775317186855,0,1
"81",50,0,81,0.0324071154729334,0,1
"82",50,0,82,0.0238130822206074,0,1
"83",50,0,83,0.0176821903350259,0,1
"84",50,0,84,0.056447913463362,0,1
"85",50,0,85,0.0182808079527118,0,1
"86",50,0,86,0.0263453218171085,0,1
"87",50,0,87,0.0314732144351671,0,1
"88",50,0,88,0.0192947896606836,0,1
"89",50,0,89,0.0382784984151908,0,1
"90",50,0,90,0.0341407560772967,0,1
"91",50,0,91,0.0266223573688879,0,1
"92",50,0,92,0.0657751630740622,0,1
"93",50,0,93,0.0456102892475697,0,1
"94",50,0,94,0.020424549965849,0,1
"95",50,0,95,0.0178022517544067,0,1
"96",50,0,96,0.0580021321879865,0,1
"97",50,0,97,0.0902090839603399,0,1
"98",50,0,98,0.0196520450049082,0,1
"99",50,0,99,0.0223501829490191,0,1
"100",50,0,100,0.0360214379151997,0,1
"101",50,0,101,0.0292532093115593,0,1
"102",50,0,102,0.0415319005902389,0,1
"103",50,0,103,0.0251286940791927,0,1
"104",50,0,104,0.0480639994119528,0,1
"105",50,0,105,0.0367929053821321,0,1
"106",50,0,106,0.0251132422462795,0,1
"107",50,0,107,0.0254553236954552,0,1
"108",50,0,108,0.0278001642112307,0,1
"109",50,0,109,0.0156562098693803,0,1
"110",50,0,110,0.0316456524379969,0,1
"111",50,0,111,0.0206418336550223,0,1
"112",50,0,112,0.0360873686107266,0,1
"113",50,0,113,0.035322100078801,0,1
"114",50,0,114,0.0254612514443631,0,1
"115",50,0,115,0.0402066360448418,0,1
"116",50,0,116,0.0436237300059472,0,1
"117",50,0,117,0.0221296823742386,0,1
"118",50,0,118,0.016423609647514,0,1
"119",50,0,119,0.0400966957531901,0,1
"120",50,0,120,0.0723457092267184,0,1
"121",50,0,121,0.0230433657362604,0,1
"122",50,0,122,0.0212460020667733,0,1
"123",50,0,123,0.0306093605023779,0,1
"124",50,0,124,0.0215943165353179,0,1
"125",50,0,125,0.029698079865652,0,1
"126",50,0,126,0.0211600854152563,0,1
"127",50,0,127,0.023343137984695,0,1
"128",50,0,128,0.0865944459852219,0,1
"129",50,0,129,0.0174397872186397,0,1
"130",50,0,130,0.0416919323371415,0,1
"131",50,0,131,0.0163387701265522,0,1
"132",50,0,132,0.0320178072222926,0,1
"133",50,0,133,0.0260097101886203,0,1
"134",50,0,134,0.0214240858006723,0,1
"135",50,0,135,0.0354951557573128,0,1
"136",50,0,136,0.0334305083968181,0,1
"137",50,0,137,0.0462562592260687,0,1
"138",50,0,138,0.0147415447804697,0,1
"139",50,0,139,0.0855729757879312,0,1
"140",50,0,140,0.0427522377063567,0,1
"141",50,0,141,0.0212111125441071,0,1
"142",50,0,142,0.0187403434971334,0,1
"143",50,0,143,0.0228509301684131,0,1
"144",50,0,144,0.029106425209225,0,1
"145",50,0,145,0.0197699053066995,0,1
"146",50,0,146,0.0400356848682125,0,1
"147",50,0,147,0.0194136567959726,0,1
"148",50,0,148,0.0854938347370112,0,1
"149",50,0,149,0.02485561769746,0,1
"150",50,0,150,0.0455124924725367,0,1
"151",50,0.13856377005144,1,0.12586533644879,0.000625,0.999375
"152",50,0.13856377005144,2,0.163901343926984,0.008625,0.991375
"153",50,0.13856377005144,3,0.132926503773095,0.001,0.999
"154",50,0.13856377005144,4,0.152462443839636,0.002875,0.997125
"155",50,0.13856377005144,5,0.0949443222922807,0.000125,0.999875
"156",50,0.13856377005144,6,0.206196044208442,0.065,0.935
"157",50,0.13856377005144,7,0.120767081525475,5e-04,0.9995
"158",50,0.13856377005144,8,0.143674605646947,0.000875,0.999125
"159",50,0.13856377005144,9,0.13660881186678,0.001,0.999
"160",50,0.13856377005144,10,0.144068632702247,0.00225,0.99775
"161",50,0.13856377005144,11,0.135297757657289,0.00025,0.99975
"162",50,0.13856377005144,12,0.114458458540123,0.000125,0.999875
"163",50,0.13856377005144,13,0.166392322163971,0.008,0.992
"164",50,0.13856377005144,14,0.192602913108114,0.045,0.955
"165",50,0.13856377005144,15,0.131099493364931,0.00075,0.99925
"166",50,0.13856377005144,16,0.0954945020748578,0,1
"167",50,0.13856377005144,17,0.126660315577913,0.000375,0.999625
"168",50,0.13856377005144,18,0.173136202203308,0.013875,0.986125
"169",50,0.13856377005144,19,0.156292649210204,0.005125,0.994875
"170",50,0.13856377005144,20,0.16000536998786,0.0055,0.9945
"171",50,0.13856377005144,21,0.039428451728473,0,1
"172",50,0.13856377005144,22,0.157774267778458,0.005125,0.994875
"173",50,0.13856377005144,23,0.201428144674758,0.0595,0.9405
"174",50,0.13856377005144,24,0.130778234825933,0.000625,0.999375
"175",50,0.13856377005144,25,0.150515334956674,0.003625,0.996375
"176",50,0.13856377005144,26,0.117892166839542,5e-04,0.9995
"177",50,0.13856377005144,27,0.193988974749427,0.038875,0.961125
"178",50,0.13856377005144,28,0.093655204431275,0.000125,0.999875
"179",50,0.13856377005144,29,0.0984487573520927,0.00025,0.99975
"180",50,0.13856377005144,30,0.125004020307184,0,1
"181",50,0.13856377005144,31,0.117385887822971,0.000125,0.999875
"182",50,0.13856377005144,32,0.179628993677782,0.01825,0.98175
"183",50,0.13856377005144,33,0.187747080991193,0.027625,0.972375
"184",50,0.13856377005144,34,0.146977880887868,0.001125,0.998875
"185",50,0.13856377005144,35,0.106620574378049,0,1
"186",50,0.13856377005144,36,0.138393842715207,0.00175,0.99825
"187",50,0.13856377005144,37,0.152140099456784,0.003375,0.996625
"188",50,0.13856377005144,38,0.13516874314851,5e-04,0.9995
"189",50,0.13856377005144,39,0.149183244328261,0.001125,0.998875
"190",50,0.13856377005144,40,0.157522132921635,0.005625,0.994375
"191",50,0.13856377005144,41,0.154146105423554,0.004,0.996
"192",50,0.13856377005144,42,0.187018156508322,0.03,0.97
"193",50,0.13856377005144,43,0.14172757218876,0.00125,0.99875
"194",50,0.13856377005144,44,0.125946306035567,0.000375,0.999625
"195",50,0.13856377005144,45,0.146951403889453,0.0025,0.9975
"196",50,0.13856377005144,46,0.108084271954905,0.00025,0.99975
"197",50,0.13856377005144,47,0.14078959112967,5e-04,0.9995
"198",50,0.13856377005144,48,0.116225524373187,5e-04,0.9995
"199",50,0.13856377005144,49,0.183798594345986,0.01675,0.98325
"200",50,0.13856377005144,50,0.179752946319126,0.014375,0.985625
"201",50,0.13856377005144,51,0.144503579194157,0.00225,0.99775
"202",50,0.13856377005144,52,0.172765001480728,0.012375,0.987625
"203",50,0.13856377005144,53,0.116443143954742,0.000375,0.999625
"204",50,0.13856377005144,54,0.110016090823666,0.000125,0.999875
"205",50,0.13856377005144,55,0.149675933897469,0.0015,0.9985
"206",50,0.13856377005144,56,0.191437357510628,0.03325,0.96675
"207",50,0.13856377005144,57,0.124416825890358,0.00125,0.99875
"208",50,0.13856377005144,58,0.15863732869145,0.005125,0.994875
"209",50,0.13856377005144,59,0.106463935520174,0.000375,0.999625
"210",50,0.13856377005144,60,0.145606302816569,0.002,0.998
"211",50,0.13856377005144,61,0.146859609019135,0.001125,0.998875
"212",50,0.13856377005144,62,0.151898627537493,0.003375,0.996625
"213",50,0.13856377005144,63,0.139291064990838,0.002125,0.997875
"214",50,0.13856377005144,64,0.150542549549609,0.001375,0.998625
"215",50,0.13856377005144,65,0.14047058998712,0.002,0.998
"216",50,0.13856377005144,66,0.127241620971899,0.000375,0.999625
"217",50,0.13856377005144,67,0.117683192174118,0,1
"218",50,0.13856377005144,68,0.123915710572355,0.000375,0.999625
"219",50,0.13856377005144,69,0.099886614598637,5e-04,0.9995
"220",50,0.13856377005144,70,0.115694555746707,0.000125,0.999875
"221",50,0.13856377005144,71,0.121590773352406,0.000125,0.999875
"222",50,0.13856377005144,72,0.114033723817151,0.000375,0.999625
"223",50,0.13856377005144,73,0.120772134499096,0.00075,0.99925
"224",50,0.13856377005144,74,0.110907649026653,0,1
"225",50,0.13856377005144,75,0.171831288495,0.009375,0.990625
"226",50,0.13856377005144,76,0.156107503949565,0.0035,0.9965
"227",50,0.13856377005144,77,0.114808492081518,0.000125,0.999875
"228",50,0.13856377005144,78,0.111255541654122,0,1
"229",50,0.13856377005144,79,0.170549095241294,0.014375,0.985625
"230",50,0.13856377005144,80,0.132836524069152,0.000875,0.999125
"231",50,0.13856377005144,81,0.19082862985851,0.036,0.964
"232",50,0.13856377005144,82,0.158831484320911,0.007625,0.992375
"233",50,0.13856377005144,83,0.137375399678335,0.001,0.999
"234",50,0.13856377005144,84,0.112811029995294,0,1
"235",50,0.13856377005144,85,0.133367300539998,5e-04,0.9995
"236",50,0.13856377005144,86,0.184188250467925,0.022625,0.977375
"237",50,0.13856377005144,87,0.121093929504171,0.001,0.999
"238",50,0.13856377005144,88,0.154597655845027,0.004625,0.995375
"239",50,0.13856377005144,89,0.151902484650786,0.004,0.996
"240",50,0.13856377005144,90,0.124913874085166,0.000125,0.999875
"241",50,0.13856377005144,91,0.116179499575665,0,1
"242",50,0.13856377005144,92,0.119688944915921,0,1
"243",50,0.13856377005144,93,0.121187528556155,0.00075,0.99925
"244",50,0.13856377005144,94,0.132596684697027,0.000125,0.999875
"245",50,0.13856377005144,95,0.141660203584962,0.00175,0.99825
"246",50,0.13856377005144,96,0.16725605214501,0.00975,0.99025
"247",50,0.13856377005144,97,0.121923892661412,0.000875,0.999125
"248",50,0.13856377005144,98,0.0944458178807832,0,1
"249",50,0.13856377005144,99,0.10121279984018,0.000125,0.999875
"250",50,0.13856377005144,100,0.191677445339301,0.03475,0.96525
"251",50,0.13856377005144,101,0.127427343041029,0.00075,0.99925
"252",50,0.13856377005144,102,0.165839098982754,0.006125,0.993875
"253",50,0.13856377005144,103,0.163933117381832,0.007875,0.992125
"254",50,0.13856377005144,104,0.113328370660828,0.000875,0.999125
"255",50,0.13856377005144,105,0.15018027216134,0.004625,0.995375
"256",50,0.13856377005144,106,0.171332114755328,0.015875,0.984125
"257",50,0.13856377005144,107,0.155959910019627,0.003375,0.996625
"258",50,0.13856377005144,108,0.202682780168992,0.061375,0.938625
"259",50,0.13856377005144,109,0.218901665055551,0.117,0.883
"260",50,0.13856377005144,110,0.130966096484895,0.000125,0.999875
"261",50,0.13856377005144,111,0.115933050095327,0.00075,0.99925
"262",50,0.13856377005144,112,0.133476696156537,0.00025,0.99975
"263",50,0.13856377005144,113,0.15007171582166,0.0025,0.9975
"264",50,0.13856377005144,114,0.182602662821453,0.019875,0.980125
"265",50,0.13856377005144,115,0.122047945913032,0.000375,0.999625
"266",50,0.13856377005144,116,0.161517515383084,0.00575,0.99425
"267",50,0.13856377005144,117,0.167367245134062,0.009875,0.990125
"268",50,0.13856377005144,118,0.122772917051176,5e-04,0.9995
"269",50,0.13856377005144,119,0.146642294277555,0.0025,0.9975
"270",50,0.13856377005144,120,0.128578288043816,0.00025,0.99975
"271",50,0.13856377005144,121,0.0982040692057486,0.00025,0.99975
"272",50,0.13856377005144,122,0.125659063459094,0.000125,0.999875
"273",50,0.13856377005144,123,0.0806582342109283,0,1
"274",50,0.13856377005144,124,0.123983986515726,0.00025,0.99975
"275",50,0.13856377005144,125,0.122721467610537,0.000625,0.999375
"276",50,0.13856377005144,126,0.0721774219917252,0,1
"277",50,0.13856377005144,127,0.150984161316133,0.00375,0.99625
"278",50,0.13856377005144,128,0.122406096558934,0.00025,0.99975
"279",50,0.13856377005144,129,0.159503299848527,0.00625,0.99375
"280",50,0.13856377005144,130,0.142116848047033,0.004,0.996
"281",50,0.13856377005144,131,0.146580277297173,0.001625,0.998375
"282",50,0.13856377005144,132,0.0985583932304189,0,1
"283",50,0.13856377005144,133,0.135408404001967,0.00125,0.99875
"284",50,0.13856377005144,134,0.133854911300339,0.00125,0.99875
"285",50,0.13856377005144,135,0.178691073995292,0.0195,0.9805
"286",50,0.13856377005144,136,0.169892833692958,0.006375,0.993625
"287",50,0.13856377005144,137,0.132135091044,0.000875,0.999125
"288",50,0.13856377005144,138,0.137051483760954,0.000875,0.999125
"289",50,0.13856377005144,139,0.14619541349616,0.00225,0.99775
"290",50,0.13856377005144,140,0.118025584448968,0.000375,0.999625
"291",50,0.13856377005144,141,0.136040030366839,0.000625,0.999375
"292",50,0.13856377005144,142,0.104661372301558,0.000125,0.999875
"293",50,0.13856377005144,143,0.143467649240751,0.001875,0.998125
"294",50,0.13856377005144,144,0.101871013029819,0,1
"295",50,0.13856377005144,145,0.107388332637215,0.000125,0.999875
"296",50,0.13856377005144,146,0.174239762254961,0.01575,0.98425
"297",50,0.13856377005144,147,0.148328427498665,0.0035,0.9965
"298",50,0.13856377005144,148,0.076243136205797,0,1
"299",50,0.13856377005144,149,0.168706263908878,0.008625,0.991375
"300",50,0.13856377005144,150,0.167577527499483,0.010625,0.989375
"301",50,0.27712754010288,1,0.303776329425615,0.705125,0.294875
"302",50,0.27712754010288,2,0.259106190214802,0.351875,0.648125
"303",50,0.27712754010288,3,0.23258248281543,0.181625,0.818375
"304",50,0.27712754010288,4,0.326638309929285,0.85625,0.14375
"305",50,0.27712754010288,5,0.242461856739363,0.245375,0.754625
"306",50,0.27712754010288,6,0.32434406070502,0.843,0.157
"307",50,0.27712754010288,7,0.24201643088259,0.234375,0.765625
"308",50,0.27712754010288,8,0.224023761781896,0.133375,0.866625
"309",50,0.27712754010288,9,0.302529215737756,0.695125,0.304875
"310",50,0.27712754010288,10,0.257931865402456,0.341625,0.658375
"311",50,0.27712754010288,11,0.302347145059283,0.69975,0.30025
"312",50,0.27712754010288,12,0.311953429058275,0.771375,0.228625
"313",50,0.27712754010288,13,0.289340224953636,0.604125,0.395875
"314",50,0.27712754010288,14,0.3318217431032,0.874875,0.125125
"315",50,0.27712754010288,15,0.224236668415071,0.13225,0.86775
"316",50,0.27712754010288,16,0.259817149946436,0.36525,0.63475
"317",50,0.27712754010288,17,0.162734646479343,0.0135,0.9865
"318",50,0.27712754010288,18,0.341681500375519,0.90325,0.09675
"319",50,0.27712754010288,19,0.249395269777737,0.296375,0.703625
"320",50,0.27712754010288,20,0.221856014341634,0.117875,0.882125
"321",50,0.27712754010288,21,0.27933824368444,0.51675,0.48325
"322",50,0.27712754010288,22,0.3590527137104,0.948875,0.051125
"323",50,0.27712754010288,23,0.333195481109523,0.88125,0.11875
"324",50,0.27712754010288,24,0.258492447856202,0.348375,0.651625
"325",50,0.27712754010288,25,0.260870567004774,0.369375,0.630625
"326",50,0.27712754010288,26,0.266224040084185,0.41,0.59
"327",50,0.27712754010288,27,0.310215148498232,0.757375,0.242625
"328",50,0.27712754010288,28,0.277085755493133,0.499625,0.500375
"329",50,0.27712754010288,29,0.360065613680843,0.952875,0.047125
"330",50,0.27712754010288,30,0.299132849759647,0.669375,0.330625
"331",50,0.27712754010288,31,0.240041218486565,0.2215,0.7785
"332",50,0.27712754010288,32,0.254602268066842,0.315375,0.684625
"333",50,0.27712754010288,33,0.265383503188861,0.4035,0.5965
"334",50,0.27712754010288,34,0.379445339353227,0.98,0.02
"335",50,0.27712754010288,35,0.326723521750542,0.8495,0.1505
"336",50,0.27712754010288,36,0.276605191755487,0.49525,0.50475
"337",50,0.27712754010288,37,0.214035305083639,0.095125,0.904875
"338",50,0.27712754010288,38,0.307073981448423,0.723625,0.276375
"339",50,0.27712754010288,39,0.259602839369171,0.35625,0.64375
"340",50,0.27712754010288,40,0.178354740971008,0.020625,0.979375
"341",50,0.27712754010288,41,0.201760156762085,0.057625,0.942375
"342",50,0.27712754010288,42,0.268734067363796,0.4245,0.5755
"343",50,0.27712754010288,43,0.302178801500172,0.6905,0.3095
"344",50,0.27712754010288,44,0.341879668168521,0.89875,0.10125
"345",50,0.27712754010288,45,0.332946543264088,0.865,0.135
"346",50,0.27712754010288,46,0.280513983349159,0.527875,0.472125
"347",50,0.27712754010288,47,0.248842454938212,0.28275,0.71725
"348",50,0.27712754010288,48,0.283103498245231,0.547375,0.452625
"349",50,0.27712754010288,49,0.283663135835618,0.549625,0.450375
"350",50,0.27712754010288,50,0.227731791709652,0.157,0.843
"351",50,0.27712754010288,51,0.308978702062103,0.7415,0.2585
"352",50,0.27712754010288,52,0.281039671813433,0.52875,0.47125
"353",50,0.27712754010288,53,0.319130115842442,0.80725,0.19275
"354",50,0.27712754010288,54,0.2882533783215,0.588625,0.411375
"355",50,0.27712754010288,55,0.305506626606616,0.71,0.29
"356",50,0.27712754010288,56,0.303818326982532,0.706875,0.293125
"357",50,0.27712754010288,57,0.286894700743238,0.5815,0.4185
"358",50,0.27712754010288,58,0.204133174113154,0.069625,0.930375
"359",50,0.27712754010288,59,0.271142821419714,0.4515,0.5485
"360",50,0.27712754010288,60,0.30725636673984,0.735625,0.264375
"361",50,0.27712754010288,61,0.254371986215409,0.317625,0.682375
"362",50,0.27712754010288,62,0.127824518624722,0.000375,0.999625
"363",50,0.27712754010288,63,0.324401263648216,0.833,0.167
"364",50,0.27712754010288,64,0.280524784035526,0.528125,0.471875
"365",50,0.27712754010288,65,0.294926789929893,0.640125,0.359875
"366",50,0.27712754010288,66,0.272859933225628,0.464625,0.535375
"367",50,0.27712754010288,67,0.243990027026242,0.240875,0.759125
"368",50,0.27712754010288,68,0.256430744624103,0.327875,0.672125
"369",50,0.27712754010288,69,0.274077569628291,0.472,0.528
"370",50,0.27712754010288,70,0.41312398970316,0.99775,0.00225
"371",50,0.27712754010288,71,0.304595248887385,0.704625,0.295375
"372",50,0.27712754010288,72,0.268225215142664,0.42475,0.57525
"373",50,0.27712754010288,73,0.221730295518465,0.12625,0.87375
"374",50,0.27712754010288,74,0.303782679274896,0.708625,0.291375
"375",50,0.27712754010288,75,0.195762023369808,0.044,0.956
"376",50,0.27712754010288,76,0.268404696783277,0.428,0.572
"377",50,0.27712754010288,77,0.349174382428081,0.927625,0.072375
"378",50,0.27712754010288,78,0.264669545255511,0.402375,0.597625
"379",50,0.27712754010288,79,0.294132683781194,0.633,0.367
"380",50,0.27712754010288,80,0.302339555341785,0.6905,0.3095
"381",50,0.27712754010288,81,0.308114433952338,0.739,0.261
"382",50,0.27712754010288,82,0.245230914639076,0.2605,0.7395
"383",50,0.27712754010288,83,0.220491097454032,0.111,0.889
"384",50,0.27712754010288,84,0.24522258856142,0.251625,0.748375
"385",50,0.27712754010288,85,0.271457445198018,0.45175,0.54825
"386",50,0.27712754010288,86,0.343600481160998,0.905875,0.094125
"387",50,0.27712754010288,87,0.277000641749751,0.49875,0.50125
"388",50,0.27712754010288,88,0.386773617733895,0.9865,0.0135
"389",50,0.27712754010288,89,0.244076120826444,0.253,0.747
"390",50,0.27712754010288,90,0.355213773855066,0.943,0.057
"391",50,0.27712754010288,91,0.183347775576051,0.023,0.977
"392",50,0.27712754010288,92,0.232086523132003,0.164875,0.835125
"393",50,0.27712754010288,93,0.242390691385051,0.24225,0.75775
"394",50,0.27712754010288,94,0.358162390599725,0.951,0.049
"395",50,0.27712754010288,95,0.358683681984967,0.9485,0.0515
"396",50,0.27712754010288,96,0.229630117633437,0.15775,0.84225
"397",50,0.27712754010288,97,0.33505276745771,0.888375,0.111625
"398",50,0.27712754010288,98,0.350851966701985,0.933,0.067
"399",50,0.27712754010288,99,0.22431929956627,0.13875,0.86125
"400",50,0.27712754010288,100,0.246677972912101,0.259375,0.740625
"401",50,0.27712754010288,101,0.336591868059567,0.8805,0.1195
"402",50,0.27712754010288,102,0.311725674390673,0.750875,0.249125
"403",50,0.27712754010288,103,0.289573991742384,0.60275,0.39725
"404",50,0.27712754010288,104,0.296785933033922,0.647,0.353
"405",50,0.27712754010288,105,0.299892346737736,0.6765,0.3235
"406",50,0.27712754010288,106,0.239715774311702,0.216125,0.783875
"407",50,0.27712754010288,107,0.302489703489728,0.703125,0.296875
"408",50,0.27712754010288,108,0.208721833174903,0.0725,0.9275
"409",50,0.27712754010288,109,0.286199334743062,0.570625,0.429375
"410",50,0.27712754010288,110,0.245354013620589,0.248,0.752
"411",50,0.27712754010288,111,0.219144028036953,0.10875,0.89125
"412",50,0.27712754010288,112,0.280670301378567,0.52975,0.47025
"413",50,0.27712754010288,113,0.308479491086628,0.73525,0.26475
"414",50,0.27712754010288,114,0.325432836689817,0.833,0.167
"415",50,0.27712754010288,115,0.238622987187621,0.204625,0.795375
"416",50,0.27712754010288,116,0.260706245208338,0.365375,0.634625
"417",50,0.27712754010288,117,0.262349645526214,0.379125,0.620875
"418",50,0.27712754010288,118,0.355803185638147,0.930375,0.069625
"419",50,0.27712754010288,119,0.317520757896511,0.796875,0.203125
"420",50,0.27712754010288,120,0.235260386053179,0.195125,0.804875
"421",50,0.27712754010288,121,0.190270097723248,0.031,0.969
"422",50,0.27712754010288,122,0.226412593689392,0.1395,0.8605
"423",50,0.27712754010288,123,0.282123194675319,0.542375,0.457625
"424",50,0.27712754010288,124,0.252174781220753,0.295375,0.704625
"425",50,0.27712754010288,125,0.287763405476463,0.584375,0.415625
"426",50,0.27712754010288,126,0.265060743101678,0.401875,0.598125
"427",50,0.27712754010288,127,0.342245030717737,0.915625,0.084375
"428",50,0.27712754010288,128,0.229116216643568,0.16325,0.83675
"429",50,0.27712754010288,129,0.260716556771078,0.37075,0.62925
"430",50,0.27712754010288,130,0.332393530253813,0.87175,0.12825
"431",50,0.27712754010288,131,0.228431289989589,0.155125,0.844875
"432",50,0.27712754010288,132,0.245049970659855,0.250375,0.749625
"433",50,0.27712754010288,133,0.238071801977999,0.21825,0.78175
"434",50,0.27712754010288,134,0.193189329115552,0.034375,0.965625
"435",50,0.27712754010288,135,0.29472064286096,0.645375,0.354625
"436",50,0.27712754010288,136,0.295509364721102,0.652875,0.347125
"437",50,0.27712754010288,137,0.21005974745312,0.073875,0.926125
"438",50,0.27712754010288,138,0.274519091830435,0.477,0.523
"439",50,0.27712754010288,139,0.242106215694039,0.24125,0.75875
"440",50,0.27712754010288,140,0.355387295401709,0.937875,0.062125
"441",50,0.27712754010288,141,0.276357580088986,0.49325,0.50675
"442",50,0.27712754010288,142,0.325796851298753,0.8355,0.1645
"443",50,0.27712754010288,143,0.340735460780959,0.892125,0.107875
"444",50,0.27712754010288,144,0.290331039389756,0.60925,0.39075
"445",50,0.27712754010288,145,0.206672532702312,0.065375,0.934625
"446",50,0.27712754010288,146,0.299577198038743,0.672625,0.327375
"447",50,0.27712754010288,147,0.330685726595295,0.867375,0.132625
"448",50,0.27712754010288,148,0.277187023264952,0.50075,0.49925
"449",50,0.27712754010288,149,0.240816521041653,0.22275,0.77725
"450",50,0.27712754010288,150,0.273906305263637,0.475,0.525
"451",50,0.41569131015432,1,0.293300057024538,0.629125,0.370875
"452",50,0.41569131015432,2,0.349450615087488,0.9285,0.0715
"453",50,0.41569131015432,3,0.423013524556585,0.997125,0.002875
"454",50,0.41569131015432,4,0.329168816704865,0.859125,0.140875
"455",50,0.41569131015432,5,0.514424657317967,1,0
"456",50,0.41569131015432,6,0.416589414690537,0.9985,0.0015
"457",50,0.41569131015432,7,0.487828451542843,0.999875,0.000125
"458",50,0.41569131015432,8,0.38323662767712,0.982875,0.017125
"459",50,0.41569131015432,9,0.357500618386987,0.944625,0.055375
"460",50,0.41569131015432,10,0.362175641891324,0.95675,0.04325
"461",50,0.41569131015432,11,0.386579595728752,0.985,0.015
"462",50,0.41569131015432,12,0.408677338509,0.996125,0.003875
"463",50,0.41569131015432,13,0.473666040745142,1,0
"464",50,0.41569131015432,14,0.338403739086631,0.892875,0.107125
"465",50,0.41569131015432,15,0.36077044348318,0.954875,0.045125
"466",50,0.41569131015432,16,0.53210269631976,1,0
"467",50,0.41569131015432,17,0.443363003854365,0.999125,0.000875
"468",50,0.41569131015432,18,0.438776937203772,0.999125,0.000875
"469",50,0.41569131015432,19,0.408369628226382,0.995875,0.004125
"470",50,0.41569131015432,20,0.434067708675098,0.9995,5e-04
"471",50,0.41569131015432,21,0.385038426995403,0.979625,0.020375
"472",50,0.41569131015432,22,0.399366558870493,0.993125,0.006875
"473",50,0.41569131015432,23,0.581994826199605,1,0
"474",50,0.41569131015432,24,0.356479771600398,0.9455,0.0545
"475",50,0.41569131015432,25,0.295260171161369,0.652375,0.347625
"476",50,0.41569131015432,26,0.430486555311685,0.99875,0.00125
"477",50,0.41569131015432,27,0.347264980059812,0.920375,0.079625
"478",50,0.41569131015432,28,0.426251395236401,0.9985,0.0015
"479",50,0.41569131015432,29,0.41839765247172,0.998125,0.001875
"480",50,0.41569131015432,30,0.478295457204125,1,0
"481",50,0.41569131015432,31,0.489793891159826,1,0
"482",50,0.41569131015432,32,0.349398224333414,0.924875,0.075125
"483",50,0.41569131015432,33,0.421447714323228,0.997375,0.002625
"484",50,0.41569131015432,34,0.327559180888529,0.856625,0.143375
"485",50,0.41569131015432,35,0.345849213468763,0.921875,0.078125
"486",50,0.41569131015432,36,0.348689813611629,0.924125,0.075875
"487",50,0.41569131015432,37,0.358738610743222,0.94525,0.05475
"488",50,0.41569131015432,38,0.334516621227982,0.8695,0.1305
"489",50,0.41569131015432,39,0.447798298203873,0.999375,0.000625
"490",50,0.41569131015432,40,0.360795402845515,0.949625,0.050375
"491",50,0.41569131015432,41,0.377787799598502,0.977,0.023
"492",50,0.41569131015432,42,0.350679290842291,0.915875,0.084125
"493",50,0.41569131015432,43,0.38657200833008,0.988,0.012
"494",50,0.41569131015432,44,0.352910292397932,0.936,0.064
"495",50,0.41569131015432,45,0.471611645285529,1,0
"496",50,0.41569131015432,46,0.318155135665002,0.785875,0.214125
"497",50,0.41569131015432,47,0.408117860489672,0.995125,0.004875
"498",50,0.41569131015432,48,0.336377841106011,0.883,0.117
"499",50,0.41569131015432,49,0.380483484382452,0.978125,0.021875
"500",50,0.41569131015432,50,0.346208714477965,0.911625,0.088375
"501",50,0.41569131015432,51,0.340905100687538,0.9025,0.0975
"502",50,0.41569131015432,52,0.549740737591842,1,0
"503",50,0.41569131015432,53,0.392286973777049,0.986375,0.013625
"504",50,0.41569131015432,54,0.478588805854812,1,0
"505",50,0.41569131015432,55,0.389890949628801,0.986,0.014
"506",50,0.41569131015432,56,0.493267796709939,1,0
"507",50,0.41569131015432,57,0.375193698177407,0.979125,0.020875
"508",50,0.41569131015432,58,0.440808272887851,0.999,0.001
"509",50,0.41569131015432,59,0.456122452942787,0.999625,0.000375
"510",50,0.41569131015432,60,0.318158292234597,0.805125,0.194875
"511",50,0.41569131015432,61,0.50345287559789,1,0
"512",50,0.41569131015432,62,0.429547513418781,0.998125,0.001875
"513",50,0.41569131015432,63,0.45237214738295,0.999875,0.000125
"514",50,0.41569131015432,64,0.478580301268889,0.999875,0.000125
"515",50,0.41569131015432,65,0.470378633921225,0.9995,5e-04
"516",50,0.41569131015432,66,0.284256315908777,0.558625,0.441375
"517",50,0.41569131015432,67,0.428223244971999,0.99825,0.00175
"518",50,0.41569131015432,68,0.469408652203699,1,0
"519",50,0.41569131015432,69,0.402592383447314,0.99275,0.00725
"520",50,0.41569131015432,70,0.407121954035858,0.996125,0.003875
"521",50,0.41569131015432,71,0.417200778994285,0.9975,0.0025
"522",50,0.41569131015432,72,0.389352904456354,0.98975,0.01025
"523",50,0.41569131015432,73,0.516558922632559,1,0
"524",50,0.41569131015432,74,0.348410346585633,0.93075,0.06925
"525",50,0.41569131015432,75,0.405302922810722,0.993625,0.006375
"526",50,0.41569131015432,76,0.470564438949632,1,0
"527",50,0.41569131015432,77,0.486602087747862,1,0
"528",50,0.41569131015432,78,0.436453529863893,0.99875,0.00125
"529",50,0.41569131015432,79,0.36437904588274,0.960125,0.039875
"530",50,0.41569131015432,80,0.422339573851604,0.99675,0.00325
"531",50,0.41569131015432,81,0.406029086280972,0.995375,0.004625
"532",50,0.41569131015432,82,0.467506818269608,0.999875,0.000125
"533",50,0.41569131015432,83,0.442066345542786,0.99975,0.00025
"534",50,0.41569131015432,84,0.445965625069949,0.999125,0.000875
"535",50,0.41569131015432,85,0.421114023346413,0.997125,0.002875
"536",50,0.41569131015432,86,0.367136562170422,0.96325,0.03675
"537",50,0.41569131015432,87,0.358536417744095,0.949,0.051
"538",50,0.41569131015432,88,0.450793561722629,0.999875,0.000125
"539",50,0.41569131015432,89,0.400241464701057,0.992125,0.007875
"540",50,0.41569131015432,90,0.310801766725844,0.762125,0.237875
"541",50,0.41569131015432,91,0.451362023534247,0.999625,0.000375
"542",50,0.41569131015432,92,0.417488294362609,0.99675,0.00325
"543",50,0.41569131015432,93,0.325954657253686,0.846375,0.153625
"544",50,0.41569131015432,94,0.438012469378173,0.999125,0.000875
"545",50,0.41569131015432,95,0.423760490177392,0.998,0.002
"546",50,0.41569131015432,96,0.348220617265577,0.917,0.083
"547",50,0.41569131015432,97,0.486513984818425,1,0
"548",50,0.41569131015432,98,0.371184977032044,0.969375,0.030625
"549",50,0.41569131015432,99,0.478162291416148,0.999875,0.000125
"550",50,0.41569131015432,100,0.442687002592801,0.9995,5e-04
"551",50,0.41569131015432,101,0.416353437161216,0.995375,0.004625
"552",50,0.41569131015432,102,0.312044453654763,0.755,0.245
"553",50,0.41569131015432,103,0.611526390635388,1,0
"554",50,0.41569131015432,104,0.417524164658015,0.995125,0.004875
"555",50,0.41569131015432,105,0.555309341347244,1,0
"556",50,0.41569131015432,106,0.364644061831577,0.95575,0.04425
"557",50,0.41569131015432,107,0.326564305833527,0.83025,0.16975
"558",50,0.41569131015432,108,0.453369603023338,0.99975,0.00025
"559",50,0.41569131015432,109,0.292058095335463,0.623,0.377
"560",50,0.41569131015432,110,0.320183649965349,0.81725,0.18275
"561",50,0.41569131015432,111,0.465141095033047,0.999875,0.000125
"562",50,0.41569131015432,112,0.37336232458385,0.965375,0.034625
"563",50,0.41569131015432,113,0.342778675721185,0.90775,0.09225
"564",50,0.41569131015432,114,0.352705027218949,0.937875,0.062125
"565",50,0.41569131015432,115,0.345996549049798,0.907875,0.092125
"566",50,0.41569131015432,116,0.415232134638043,0.997,0.003
"567",50,0.41569131015432,117,0.354469612206229,0.947625,0.052375
"568",50,0.41569131015432,118,0.425955543947848,0.998125,0.001875
"569",50,0.41569131015432,119,0.39005825294012,0.985,0.015
"570",50,0.41569131015432,120,0.484658097393954,1,0
"571",50,0.41569131015432,121,0.499057957768029,1,0
"572",50,0.41569131015432,122,0.34993574702036,0.933125,0.066875
"573",50,0.41569131015432,123,0.455102364528357,0.999125,0.000875
"574",50,0.41569131015432,124,0.36710924770778,0.9615,0.0385
"575",50,0.41569131015432,125,0.428276845570453,0.99925,0.00075
"576",50,0.41569131015432,126,0.43584392057924,0.99925,0.00075
"577",50,0.41569131015432,127,0.3637465213102,0.952625,0.047375
"578",50,0.41569131015432,128,0.403969658253958,0.995375,0.004625
"579",50,0.41569131015432,129,0.45581903983604,0.999875,0.000125
"580",50,0.41569131015432,130,0.40471263461804,0.994875,0.005125
"581",50,0.41569131015432,131,0.468198682199158,0.999875,0.000125
"582",50,0.41569131015432,132,0.357106576400914,0.940125,0.059875
"583",50,0.41569131015432,133,0.418895942357262,0.9975,0.0025
"584",50,0.41569131015432,134,0.448381874948964,0.99925,0.00075
"585",50,0.41569131015432,135,0.505704378018221,1,0
"586",50,0.41569131015432,136,0.4670438363117,1,0
"587",50,0.41569131015432,137,0.345462850845693,0.915875,0.084125
"588",50,0.41569131015432,138,0.464739346905805,0.999875,0.000125
"589",50,0.41569131015432,139,0.490511843366589,1,0
"590",50,0.41569131015432,140,0.38992738907181,0.989125,0.010875
"591",50,0.41569131015432,141,0.383867934828129,0.983,0.017
"592",50,0.41569131015432,142,0.361246340285744,0.959375,0.040625
"593",50,0.41569131015432,143,0.290138006452663,0.600125,0.399875
"594",50,0.41569131015432,144,0.364717453981622,0.955375,0.044625
"595",50,0.41569131015432,145,0.463575714056463,0.999875,0.000125
"596",50,0.41569131015432,146,0.613521754988462,1,0
"597",50,0.41569131015432,147,0.478938668553984,1,0
"598",50,0.41569131015432,148,0.392587957433295,0.988,0.012
"599",50,0.41569131015432,149,0.505841220341158,1,0
"600",50,0.41569131015432,150,0.365062115880854,0.95975,0.04025
"601",50,0.48497319518004,1,0.572157570075511,1,0
"602",50,0.48497319518004,2,0.470550672848226,0.99975,0.00025
"603",50,0.48497319518004,3,0.480110360276714,1,0
"604",50,0.48497319518004,4,0.576939853884131,1,0
"605",50,0.48497319518004,5,0.513443272223042,1,0
"606",50,0.48497319518004,6,0.349945731014421,0.925375,0.074625
"607",50,0.48497319518004,7,0.534184475931792,1,0
"608",50,0.48497319518004,8,0.484426879070323,1,0
"609",50,0.48497319518004,9,0.554031069363518,1,0
"610",50,0.48497319518004,10,0.614935975306426,1,0
"611",50,0.48497319518004,11,0.417000453929377,0.9975,0.0025
"612",50,0.48497319518004,12,0.474975023135435,0.999875,0.000125
"613",50,0.48497319518004,13,0.281318532613571,0.53825,0.46175
"614",50,0.48497319518004,14,0.579459554364324,1,0
"615",50,0.48497319518004,15,0.434762745251373,0.99925,0.00075
"616",50,0.48497319518004,16,0.383035855873667,0.985875,0.014125
"617",50,0.48497319518004,17,0.502586931522241,1,0
"618",50,0.48497319518004,18,0.529603238224992,1,0
"619",50,0.48497319518004,19,0.464866656169601,1,0
"620",50,0.48497319518004,20,0.465376696916483,1,0
"621",50,0.48497319518004,21,0.527361186706617,1,0
"622",50,0.48497319518004,22,0.405013960010635,0.99275,0.00725
"623",50,0.48497319518004,23,0.467340723861386,1,0
"624",50,0.48497319518004,24,0.42232116010993,0.99825,0.00175
"625",50,0.48497319518004,25,0.449276146427112,0.9995,5e-04
"626",50,0.48497319518004,26,0.448405912244116,0.999,0.001
"627",50,0.48497319518004,27,0.446358738915886,0.9995,5e-04
"628",50,0.48497319518004,28,0.48082473500497,1,0
"629",50,0.48497319518004,29,0.395355918082031,0.99225,0.00775
"630",50,0.48497319518004,30,0.633403771268782,1,0
"631",50,0.48497319518004,31,0.421517366666992,0.99875,0.00125
"632",50,0.48497319518004,32,0.453795411236356,0.999875,0.000125
"633",50,0.48497319518004,33,0.580327877742794,1,0
"634",50,0.48497319518004,34,0.52520507572045,1,0
"635",50,0.48497319518004,35,0.492786745211057,1,0
"636",50,0.48497319518004,36,0.485026395460068,0.999875,0.000125
"637",50,0.48497319518004,37,0.515494105080816,0.999875,0.000125
"638",50,0.48497319518004,38,0.397566256326917,0.988375,0.011625
"639",50,0.48497319518004,39,0.312480775930812,0.770375,0.229625
"640",50,0.48497319518004,40,0.429312696541522,0.99875,0.00125
"641",50,0.48497319518004,41,0.492266752030078,0.99975,0.00025
"642",50,0.48497319518004,42,0.538730788630024,1,0
"643",50,0.48497319518004,43,0.522558246581266,1,0
"644",50,0.48497319518004,44,0.572251959398298,1,0
"645",50,0.48497319518004,45,0.53159112886249,1,0
"646",50,0.48497319518004,46,0.561215788263604,1,0
"647",50,0.48497319518004,47,0.458166245895437,0.999875,0.000125
"648",50,0.48497319518004,48,0.405807029196192,0.99575,0.00425
"649",50,0.48497319518004,49,0.460567492469254,0.999875,0.000125
"650",50,0.48497319518004,50,0.514839220943643,1,0
"651",50,0.48497319518004,51,0.584335537790113,1,0
"652",50,0.48497319518004,52,0.311659298955274,0.755375,0.244625
"653",50,0.48497319518004,53,0.504926683304361,1,0
"654",50,0.48497319518004,54,0.469500700653823,0.99975,0.00025
"655",50,0.48497319518004,55,0.542109679108111,1,0
"656",50,0.48497319518004,56,0.508530476439431,1,0
"657",50,0.48497319518004,57,0.420233419190297,0.99625,0.00375
"658",50,0.48497319518004,58,0.45385488693592,1,0
"659",50,0.48497319518004,59,0.556162080666742,1,0
"660",50,0.48497319518004,60,0.280214310371643,0.520375,0.479625
"661",50,0.48497319518004,61,0.486465843747741,1,0
"662",50,0.48497319518004,62,0.451875196649127,0.99975,0.00025
"663",50,0.48497319518004,63,0.44607107458212,0.999625,0.000375
"664",50,0.48497319518004,64,0.443345903449251,1,0
"665",50,0.48497319518004,65,0.475797408403028,1,0
"666",50,0.48497319518004,66,0.552797289732904,1,0
"667",50,0.48497319518004,67,0.487553029831034,1,0
"668",50,0.48497319518004,68,0.492797108688705,1,0
"669",50,0.48497319518004,69,0.455662471615101,0.99975,0.00025
"670",50,0.48497319518004,70,0.583193121703258,1,0
"671",50,0.48497319518004,71,0.485512503097212,1,0
"672",50,0.48497319518004,72,0.316365737269217,0.780375,0.219625
"673",50,0.48497319518004,73,0.535123675313082,1,0
"674",50,0.48497319518004,74,0.476251493940709,1,0
"675",50,0.48497319518004,75,0.50419885530453,1,0
"676",50,0.48497319518004,76,0.399790974443116,0.990875,0.009125
"677",50,0.48497319518004,77,0.508249045683297,1,0
"678",50,0.48497319518004,78,0.475962003164756,0.999875,0.000125
"679",50,0.48497319518004,79,0.529032979372174,1,0
"680",50,0.48497319518004,80,0.648276424531967,1,0
"681",50,0.48497319518004,81,0.455306837865403,0.999125,0.000875
"682",50,0.48497319518004,82,0.494763712308189,1,0
"683",50,0.48497319518004,83,0.37988945043912,0.974375,0.025625
"684",50,0.48497319518004,84,0.408538604889775,0.997125,0.002875
"685",50,0.48497319518004,85,0.49727942943842,1,0
"686",50,0.48497319518004,86,0.464166485687113,1,0
"687",50,0.48497319518004,87,0.516001255667526,1,0
"688",50,0.48497319518004,88,0.419132259490609,0.996125,0.003875
"689",50,0.48497319518004,89,0.682632921937209,1,0
"690",50,0.48497319518004,90,0.494235055462051,1,0
"691",50,0.48497319518004,91,0.51196460801365,1,0
"692",50,0.48497319518004,92,0.484424265008893,1,0
"693",50,0.48497319518004,93,0.554083295989504,1,0
"694",50,0.48497319518004,94,0.601411949297591,1,0
"695",50,0.48497319518004,95,0.490111398442157,1,0
"696",50,0.48497319518004,96,0.390516544953599,0.987,0.013
"697",50,0.48497319518004,97,0.564076975675163,1,0
"698",50,0.48497319518004,98,0.519606828350587,1,0
"699",50,0.48497319518004,99,0.563008788083326,1,0
"700",50,0.48497319518004,100,0.458894725374206,0.99975,0.00025
"701",50,0.48497319518004,101,0.600019614246087,1,0
"702",50,0.48497319518004,102,0.412805276580798,0.996625,0.003375
"703",50,0.48497319518004,103,0.637057327789245,1,0
"704",50,0.48497319518004,104,0.49827858464401,1,0
"705",50,0.48497319518004,105,0.465649747287482,0.99975,0.00025
"706",50,0.48497319518004,106,0.499977617431489,1,0
"707",50,0.48497319518004,107,0.315385615606721,0.7875,0.2125
"708",50,0.48497319518004,108,0.55786614846938,1,0
"709",50,0.48497319518004,109,0.59952215109426,1,0
"710",50,0.48497319518004,110,0.493806067522239,1,0
"711",50,0.48497319518004,111,0.460860931554723,1,0
"712",50,0.48497319518004,112,0.493098799825758,1,0
"713",50,0.48497319518004,113,0.48056475588814,1,0
"714",50,0.48497319518004,114,0.455944233018318,0.99975,0.00025
"715",50,0.48497319518004,115,0.548240726686051,1,0
"716",50,0.48497319518004,116,0.479023630318407,1,0
"717",50,0.48497319518004,117,0.51560698420242,1,0
"718",50,0.48497319518004,118,0.507173124341438,1,0
"719",50,0.48497319518004,119,0.494064328500168,1,0
"720",50,0.48497319518004,120,0.444018538773374,0.999625,0.000375
"721",50,0.48497319518004,121,0.416369858986423,0.995625,0.004375
"722",50,0.48497319518004,122,0.407430997787219,0.990625,0.009375
"723",50,0.48497319518004,123,0.565849071800784,1,0
"724",50,0.48497319518004,124,0.587809748105714,1,0
"725",50,0.48497319518004,125,0.535593126076871,1,0
"726",50,0.48497319518004,126,0.476396509022987,0.999875,0.000125
"727",50,0.48497319518004,127,0.471306331504591,1,0
"728",50,0.48497319518004,128,0.499189867905715,1,0
"729",50,0.48497319518004,129,0.484960047466927,1,0
"730",50,0.48497319518004,130,0.364702702709091,0.9545,0.0455
"731",50,0.48497319518004,131,0.539168165734514,1,0
"732",50,0.48497319518004,132,0.459967557502643,0.99975,0.00025
"733",50,0.48497319518004,133,0.484279424517646,0.99975,0.00025
"734",50,0.48497319518004,134,0.444703378653174,1,0
"735",50,0.48497319518004,135,0.414964719233459,0.99675,0.00325
"736",50,0.48497319518004,136,0.54210753332823,1,0
"737",50,0.48497319518004,137,0.469840469380713,1,0
"738",50,0.48497319518004,138,0.495966259873641,1,0
"739",50,0.48497319518004,139,0.547922159164153,1,0
"740",50,0.48497319518004,140,0.389551958682807,0.985625,0.014375
"741",50,0.48497319518004,141,0.41093916245311,0.995875,0.004125
"742",50,0.48497319518004,142,0.566205160629987,1,0
"743",50,0.48497319518004,143,0.547943103674152,1,0
"744",50,0.48497319518004,144,0.488897377146192,1,0
"745",50,0.48497319518004,145,0.399180484008023,0.989625,0.010375
"746",50,0.48497319518004,146,0.500534891367591,1,0
"747",50,0.48497319518004,147,0.523442460927966,1,0
"748",50,0.48497319518004,148,0.557511027503622,1,0
"749",50,0.48497319518004,149,0.364757962885372,0.9645,0.0355
"750",50,0.48497319518004,150,0.502048981741077,1,0
"751",60,0,1,0.0219654837664576,0,1
"752",60,0,2,0.0239964898643934,0,1
"753",60,0,3,0.0216910722563959,0,1
"754",60,0,4,0.0239214455551675,0,1
"755",60,0,5,0.0250547089410705,0,1
"756",60,0,6,0.0156098911367702,0,1
"757",60,0,7,0.0221151079812122,0,1
"758",60,0,8,0.0128452676673777,0,1
"759",60,0,9,0.0215356807062142,0,1
"760",60,0,10,0.0278080270803781,0,1
"761",60,0,11,0.0262293786958475,0,1
"762",60,0,12,0.0175107912613552,0,1
"763",60,0,13,0.0329045994671636,0,1
"764",60,0,14,0.0217696986418729,0,1
"765",60,0,15,0.0246628692997898,0,1
"766",60,0,16,0.024175351412607,0,1
"767",60,0,17,0.0175119085950617,0,1
"768",60,0,18,0.036529815507683,0,1
"769",60,0,19,0.0510099866278611,0,1
"770",60,0,20,0.017801966955259,0,1
"771",60,0,21,0.0276487524864701,0,1
"772",60,0,22,0.0219399430220158,0,1
"773",60,0,23,0.0403304115323966,0,1
"774",60,0,24,0.0458134429028104,0,1
"775",60,0,25,0.0391960191406862,0,1
"776",60,0,26,0.0341571068283143,0,1
"777",60,0,27,0.0220999830069713,0,1
"778",60,0,28,0.0460982986607347,0,1
"779",60,0,29,0.0199619734586313,0,1
"780",60,0,30,0.016385105489514,0,1
"781",60,0,31,0.0139347817109283,0,1
"782",60,0,32,0.0247397690560845,0,1
"783",60,0,33,0.0228081524968362,0,1
"784",60,0,34,0.0174527930442677,0,1
"785",60,0,35,0.0284360814726965,0,1
"786",60,0,36,0.0152979736044502,0,1
"787",60,0,37,0.0173287397038735,0,1
"788",60,0,38,0.0450130236699087,0,1
"789",60,0,39,0.0199066154873987,0,1
"790",60,0,40,0.0230390726328389,0,1
"791",60,0,41,0.0179866374888129,0,1
"792",60,0,42,0.054074766175999,0,1
"793",60,0,43,0.0184933141919002,0,1
"794",60,0,44,0.0549302266116462,0,1
"795",60,0,45,0.0293185555124798,0,1
"796",60,0,46,0.0793528533287238,0,1
"797",60,0,47,0.0303102363740429,0,1
"798",60,0,48,0.0218946974965001,0,1
"799",60,0,49,0.053831449175038,0,1
"800",60,0,50,0.0315561488833369,0,1
"801",60,0,51,0.0351822632525877,0,1
"802",60,0,52,0.0276303069853378,0,1
"803",60,0,53,0.0262097127893369,0,1
"804",60,0,54,0.0213633900856443,0,1
"805",60,0,55,0.0304335414904322,0,1
"806",60,0,56,0.0228985046884325,0,1
"807",60,0,57,0.0375364775943018,0,1
"808",60,0,58,0.0239109978697277,0,1
"809",60,0,59,0.0354934414337196,0,1
"810",60,0,60,0.0142866666445737,0,1
"811",60,0,61,0.0211755363134177,0,1
"812",60,0,62,0.0259029327294963,0,1
"813",60,0,63,0.0443425228200865,0,1
"814",60,0,64,0.015627059528289,0,1
"815",60,0,65,0.0172592781027004,0,1
"816",60,0,66,0.019239258154089,0,1
"817",60,0,67,0.019991944217981,0,1
"818",60,0,68,0.0268834339225866,0,1
"819",60,0,69,0.0158161667428189,0,1
"820",60,0,70,0.0208646826675618,0,1
"821",60,0,71,0.01766682521148,0,1
"822",60,0,72,0.0217872818484962,0,1
"823",60,0,73,0.0312882126751961,0,1
"824",60,0,74,0.0224601320188874,0,1
"825",60,0,75,0.0279833101702719,0,1
"826",60,0,76,0.0273498232540495,0,1
"827",60,0,77,0.0286420686269726,0,1
"828",60,0,78,0.0178797599457458,0,1
"829",60,0,79,0.0345034285657404,0,1
"830",60,0,80,0.0183492228526283,0,1
"831",60,0,81,0.037413232646973,0,1
"832",60,0,82,0.0618216865476391,0,1
"833",60,0,83,0.0168822761634735,0,1
"834",60,0,84,0.024140631693011,0,1
"835",60,0,85,0.0476494703377967,0,1
"836",60,0,86,0.0213960665996096,0,1
"837",60,0,87,0.0151385695722072,0,1
"838",60,0,88,0.0245712738504387,0,1
"839",60,0,89,0.0271041071806973,0,1
"840",60,0,90,0.0226018565997308,0,1
"841",60,0,91,0.0265138665955513,0,1
"842",60,0,92,0.0347411635502775,0,1
"843",60,0,93,0.0159618890594642,0,1
"844",60,0,94,0.0285667842271592,0,1
"845",60,0,95,0.0303947915367227,0,1
"846",60,0,96,0.0243590181900619,0,1
"847",60,0,97,0.0255996554612997,0,1
"848",60,0,98,0.0180421194265035,0,1
"849",60,0,99,0.0153890183859923,0,1
"850",60,0,100,0.0450197591443438,0,1
"851",60,0,101,0.0201962784967815,0,1
"852",60,0,102,0.0323899691241859,0,1
"853",60,0,103,0.0209467134860992,0,1
"854",60,0,104,0.0395823158249748,0,1
"855",60,0,105,0.0189575151145641,0,1
"856",60,0,106,0.0622797388461253,0,1
"857",60,0,107,0.014026365394593,0,1
"858",60,0,108,0.0200579043301581,0,1
"859",60,0,109,0.0218056074492586,0,1
"860",60,0,110,0.0198152951629447,0,1
"861",60,0,111,0.023058938552545,0,1
"862",60,0,112,0.0212584199354093,0,1
"863",60,0,113,0.0193252743419526,0,1
"864",60,0,114,0.0200804952643804,0,1
"865",60,0,115,0.0265714075739191,0,1
"866",60,0,116,0.0268257478264248,0,1
"867",60,0,117,0.0747157107464446,0,1
"868",60,0,118,0.0184522865852153,0,1
"869",60,0,119,0.0212119010036566,0,1
"870",60,0,120,0.0143283040435113,0,1
"871",60,0,121,0.0219124129159906,0,1
"872",60,0,122,0.0209909523372893,0,1
"873",60,0,123,0.0214665373461641,0,1
"874",60,0,124,0.0379984314453535,0,1
"875",60,0,125,0.0242412128353326,0,1
"876",60,0,126,0.0280441378729572,0,1
"877",60,0,127,0.0558065168304269,0,1
"878",60,0,128,0.0217509173948298,0,1
"879",60,0,129,0.0298743712597567,0,1
"880",60,0,130,0.0410177470489056,0,1
"881",60,0,131,0.0406646666551825,0,1
"882",60,0,132,0.0436019712048488,0,1
"883",60,0,133,0.0196370484407435,0,1
"884",60,0,134,0.0277751974381238,0,1
"885",60,0,135,0.0318284860047978,0,1
"886",60,0,136,0.058831406593918,0.000125,0.999875
"887",60,0,137,0.0147986922854982,0,1
"888",60,0,138,0.0209622972127727,0,1
"889",60,0,139,0.0161529736581793,0,1
"890",60,0,140,0.0198994218764035,0,1
"891",60,0,141,0.0168512951588474,0,1
"892",60,0,142,0.0386000271184618,0,1
"893",60,0,143,0.0215665067035107,0,1
"894",60,0,144,0.022405797019524,0,1
"895",60,0,145,0.0212548884620066,0,1
"896",60,0,146,0.0176658132681738,0,1
"897",60,0,147,0.0246676798692361,0,1
"898",60,0,148,0.0482522296085693,0,1
"899",60,0,149,0.0361654821976443,0,1
"900",60,0,150,0.039533630017783,0,1
"901",60,0.13856377005144,1,0.129957633757523,0.000375,0.999625
"902",60,0.13856377005144,2,0.154703755362139,0.004875,0.995125
"903",60,0.13856377005144,3,0.118558413515353,5e-04,0.9995
"904",60,0.13856377005144,4,0.123111181267057,0.000125,0.999875
"905",60,0.13856377005144,5,0.146172175548226,0.00125,0.99875
"906",60,0.13856377005144,6,0.154433558330683,0.003125,0.996875
"907",60,0.13856377005144,7,0.170058238733488,0.0125,0.9875
"908",60,0.13856377005144,8,0.179842149831108,0.0135,0.9865
"909",60,0.13856377005144,9,0.14642101742888,0.001125,0.998875
"910",60,0.13856377005144,10,0.140495673681359,0.001125,0.998875
"911",60,0.13856377005144,11,0.191298500095664,0.032875,0.967125
"912",60,0.13856377005144,12,0.141306303421291,0.001625,0.998375
"913",60,0.13856377005144,13,0.186718710835421,0.03025,0.96975
"914",60,0.13856377005144,14,0.11323746311213,0,1
"915",60,0.13856377005144,15,0.161079682678671,0.006125,0.993875
"916",60,0.13856377005144,16,0.171841829143986,0.011,0.989
"917",60,0.13856377005144,17,0.129416013819775,0.000125,0.999875
"918",60,0.13856377005144,18,0.0985954900140117,0.000125,0.999875
"919",60,0.13856377005144,19,0.104565702298504,0,1
"920",60,0.13856377005144,20,0.116275775103821,0.00025,0.99975
"921",60,0.13856377005144,21,0.162882409932542,0.00475,0.99525
"922",60,0.13856377005144,22,0.1376444806164,0.000625,0.999375
"923",60,0.13856377005144,23,0.180736102076569,0.017,0.983
"924",60,0.13856377005144,24,0.139794157034759,0.0015,0.9985
"925",60,0.13856377005144,25,0.139770494588637,0.00125,0.99875
"926",60,0.13856377005144,26,0.139711503058295,0.000625,0.999375
"927",60,0.13856377005144,27,0.142696279151314,0.002,0.998
"928",60,0.13856377005144,28,0.108006441581768,0,1
"929",60,0.13856377005144,29,0.139739233757834,0.000375,0.999625
"930",60,0.13856377005144,30,0.117816760200534,0.00025,0.99975
"931",60,0.13856377005144,31,0.14243465493673,0.001875,0.998125
"932",60,0.13856377005144,32,0.111446969162805,0.000125,0.999875
"933",60,0.13856377005144,33,0.13450786021438,0.00075,0.99925
"934",60,0.13856377005144,34,0.125140680918632,0.00025,0.99975
"935",60,0.13856377005144,35,0.0681891336494355,0,1
"936",60,0.13856377005144,36,0.109934495554202,5e-04,0.9995
"937",60,0.13856377005144,37,0.142017858280449,0.00225,0.99775
"938",60,0.13856377005144,38,0.043196570971902,0,1
"939",60,0.13856377005144,39,0.146402450174821,0.003,0.997
"940",60,0.13856377005144,40,0.13128887558513,0.000375,0.999625
"941",60,0.13856377005144,41,0.0946833109228693,0,1
"942",60,0.13856377005144,42,0.121450875996497,0.00025,0.99975
"943",60,0.13856377005144,43,0.173249255176351,0.01,0.99
"944",60,0.13856377005144,44,0.158006928653101,0.003,0.997
"945",60,0.13856377005144,45,0.133686611469298,0.00025,0.99975
"946",60,0.13856377005144,46,0.155788187731542,0.00475,0.99525
"947",60,0.13856377005144,47,0.149824601682473,0.001875,0.998125
"948",60,0.13856377005144,48,0.159603581864364,0.0065,0.9935
"949",60,0.13856377005144,49,0.123209732684908,0.00025,0.99975
"950",60,0.13856377005144,50,0.160537197595063,0.008125,0.991875
"951",60,0.13856377005144,51,0.101868074184435,0,1
"952",60,0.13856377005144,52,0.1499638015188,0.0015,0.9985
"953",60,0.13856377005144,53,0.103158282318831,0,1
"954",60,0.13856377005144,54,0.130324385441317,5e-04,0.9995
"955",60,0.13856377005144,55,0.125766416934886,0.000375,0.999625
"956",60,0.13856377005144,56,0.166840463609301,0.00675,0.99325
"957",60,0.13856377005144,57,0.127015123687835,5e-04,0.9995
"958",60,0.13856377005144,58,0.203748202268292,0.0575,0.9425
"959",60,0.13856377005144,59,0.162475518584916,0.003125,0.996875
"960",60,0.13856377005144,60,0.114279916853437,0.00025,0.99975
"961",60,0.13856377005144,61,0.089355491098429,0,1
"962",60,0.13856377005144,62,0.146597008762361,0.002375,0.997625
"963",60,0.13856377005144,63,0.110248692857369,0,1
"964",60,0.13856377005144,64,0.129184409629579,0.000125,0.999875
"965",60,0.13856377005144,65,0.133238809852732,0.000625,0.999375
"966",60,0.13856377005144,66,0.186714985871243,0.028375,0.971625
"967",60,0.13856377005144,67,0.125425705931578,0,1
"968",60,0.13856377005144,68,0.127952605291023,0.00025,0.99975
"969",60,0.13856377005144,69,0.181752379908067,0.0235,0.9765
"970",60,0.13856377005144,70,0.112513883435382,0.000375,0.999625
"971",60,0.13856377005144,71,0.0897777458504375,0,1
"972",60,0.13856377005144,72,0.0658370847624891,0,1
"973",60,0.13856377005144,73,0.165922456617791,0.004875,0.995125
"974",60,0.13856377005144,74,0.12037475415552,0.000375,0.999625
"975",60,0.13856377005144,75,0.140361897460179,0.00225,0.99775
"976",60,0.13856377005144,76,0.148446771243956,0.001125,0.998875
"977",60,0.13856377005144,77,0.119881885105627,0.000375,0.999625
"978",60,0.13856377005144,78,0.137075933024629,0.001625,0.998375
"979",60,0.13856377005144,79,0.11687470096944,5e-04,0.9995
"980",60,0.13856377005144,80,0.159739791742235,0.006125,0.993875
"981",60,0.13856377005144,81,0.1285377196144,0.000375,0.999625
"982",60,0.13856377005144,82,0.161769755975909,0.006625,0.993375
"983",60,0.13856377005144,83,0.176942941270331,0.01525,0.98475
"984",60,0.13856377005144,84,0.139229801589179,0.000375,0.999625
"985",60,0.13856377005144,85,0.159457936472591,0.0025,0.9975
"986",60,0.13856377005144,86,0.143431285585209,0.001375,0.998625
"987",60,0.13856377005144,87,0.0928699927659667,0,1
"988",60,0.13856377005144,88,0.0853799258768513,0,1
"989",60,0.13856377005144,89,0.121689273023241,0.00025,0.99975
"990",60,0.13856377005144,90,0.128895698901089,0.00025,0.99975
"991",60,0.13856377005144,91,0.143263609772124,0.00275,0.99725
"992",60,0.13856377005144,92,0.107195105440492,0,1
"993",60,0.13856377005144,93,0.194351828156083,0.04225,0.95775
"994",60,0.13856377005144,94,0.129093586120599,0.00025,0.99975
"995",60,0.13856377005144,95,0.067537636510837,0,1
"996",60,0.13856377005144,96,0.148984850970317,0.003125,0.996875
"997",60,0.13856377005144,97,0.166794416854314,0.0085,0.9915
"998",60,0.13856377005144,98,0.167392147493074,0.0085,0.9915
"999",60,0.13856377005144,99,0.128864440407238,0.000375,0.999625
"1000",60,0.13856377005144,100,0.111111079474245,0,1
"1001",60,0.13856377005144,101,0.118641317849454,0.000125,0.999875
"1002",60,0.13856377005144,102,0.13355727757802,0.00025,0.99975
"1003",60,0.13856377005144,103,0.164364200868413,0.00625,0.99375
"1004",60,0.13856377005144,104,0.188069980076793,0.028375,0.971625
"1005",60,0.13856377005144,105,0.130565771458803,0.001,0.999
"1006",60,0.13856377005144,106,0.116977811914406,0.000125,0.999875
"1007",60,0.13856377005144,107,0.123952095425168,5e-04,0.9995
"1008",60,0.13856377005144,108,0.140068320233052,0.002125,0.997875
"1009",60,0.13856377005144,109,0.110880435095533,0,1
"1010",60,0.13856377005144,110,0.163504876667825,0.008,0.992
"1011",60,0.13856377005144,111,0.0868409879703641,0,1
"1012",60,0.13856377005144,112,0.136486266094631,0.001,0.999
"1013",60,0.13856377005144,113,0.211663252686505,0.08775,0.91225
"1014",60,0.13856377005144,114,0.199168800684836,0.046625,0.953375
"1015",60,0.13856377005144,115,0.14247285491673,0.00275,0.99725
"1016",60,0.13856377005144,116,0.107285383990702,0,1
"1017",60,0.13856377005144,117,0.118563673946096,0.000125,0.999875
"1018",60,0.13856377005144,118,0.160748537262139,0.004625,0.995375
"1019",60,0.13856377005144,119,0.136196185776589,0.000625,0.999375
"1020",60,0.13856377005144,120,0.13138307798935,0.000625,0.999375
"1021",60,0.13856377005144,121,0.13844123617682,0.000875,0.999125
"1022",60,0.13856377005144,122,0.156275821108552,0.003,0.997
"1023",60,0.13856377005144,123,0.137475452239698,0.00225,0.99775
"1024",60,0.13856377005144,124,0.120119961973368,0.000125,0.999875
"1025",60,0.13856377005144,125,0.138192628618819,0.001875,0.998125
"1026",60,0.13856377005144,126,0.100001201414826,0,1
"1027",60,0.13856377005144,127,0.116015756552178,0,1
"1028",60,0.13856377005144,128,0.141471935488035,0.00175,0.99825
"1029",60,0.13856377005144,129,0.109872911205972,0,1
"1030",60,0.13856377005144,130,0.130643362729273,0.00075,0.99925
"1031",60,0.13856377005144,131,0.177057561954608,0.01625,0.98375
"1032",60,0.13856377005144,132,0.15682745031952,0.004375,0.995625
"1033",60,0.13856377005144,133,0.141525434957642,0.00025,0.99975
"1034",60,0.13856377005144,134,0.0868345712306171,0,1
"1035",60,0.13856377005144,135,0.161839664579812,0.003375,0.996625
"1036",60,0.13856377005144,136,0.11960618681939,0.00025,0.99975
"1037",60,0.13856377005144,137,0.136814224031537,0.0015,0.9985
"1038",60,0.13856377005144,138,0.114965544662982,0,1
"1039",60,0.13856377005144,139,0.087412919562381,0,1
"1040",60,0.13856377005144,140,0.0945029826473102,0,1
"1041",60,0.13856377005144,141,0.168982765039379,0.010375,0.989625
"1042",60,0.13856377005144,142,0.130531944819239,0.000625,0.999375
"1043",60,0.13856377005144,143,0.115908732249562,0.000125,0.999875
"1044",60,0.13856377005144,144,0.118105825455423,0,1
"1045",60,0.13856377005144,145,0.144319057838943,0.00125,0.99875
"1046",60,0.13856377005144,146,0.12596291632721,0.000375,0.999625
"1047",60,0.13856377005144,147,0.162660130028018,0.0045,0.9955
"1048",60,0.13856377005144,148,0.142442731933369,5e-04,0.9995
"1049",60,0.13856377005144,149,0.128640833389031,5e-04,0.9995
"1050",60,0.13856377005144,150,0.135604760212629,0.001,0.999
"1051",60,0.27712754010288,1,0.307516035909636,0.741875,0.258125
"1052",60,0.27712754010288,2,0.263610068675861,0.382625,0.617375
"1053",60,0.27712754010288,3,0.151594616308597,0.00175,0.99825
"1054",60,0.27712754010288,4,0.174889553809498,0.017375,0.982625
"1055",60,0.27712754010288,5,0.342101769957326,0.912875,0.087125
"1056",60,0.27712754010288,6,0.33839747294064,0.910625,0.089375
"1057",60,0.27712754010288,7,0.18769851923351,0.030375,0.969625
"1058",60,0.27712754010288,8,0.279670243797929,0.521125,0.478875
"1059",60,0.27712754010288,9,0.337057992552883,0.886,0.114
"1060",60,0.27712754010288,10,0.221287277762784,0.11375,0.88625
"1061",60,0.27712754010288,11,0.314589054471555,0.785625,0.214375
"1062",60,0.27712754010288,12,0.300935306492713,0.687375,0.312625
"1063",60,0.27712754010288,13,0.336254652150108,0.8825,0.1175
"1064",60,0.27712754010288,14,0.227165009203839,0.147125,0.852875
"1065",60,0.27712754010288,15,0.183971935729679,0.02275,0.97725
"1066",60,0.27712754010288,16,0.315830459510268,0.790875,0.209125
"1067",60,0.27712754010288,17,0.301930003472572,0.6875,0.3125
"1068",60,0.27712754010288,18,0.236170556295476,0.195,0.805
"1069",60,0.27712754010288,19,0.250282613381493,0.27975,0.72025
"1070",60,0.27712754010288,20,0.204490668950004,0.0565,0.9435
"1071",60,0.27712754010288,21,0.295476808814576,0.65475,0.34525
"1072",60,0.27712754010288,22,0.260934712822985,0.367125,0.632875
"1073",60,0.27712754010288,23,0.336800749748471,0.898625,0.101375
"1074",60,0.27712754010288,24,0.316258851985894,0.79725,0.20275
"1075",60,0.27712754010288,25,0.297016612398086,0.667125,0.332875
"1076",60,0.27712754010288,26,0.221201367140918,0.119125,0.880875
"1077",60,0.27712754010288,27,0.284133352330128,0.558375,0.441625
"1078",60,0.27712754010288,28,0.260118972511802,0.36375,0.63625
"1079",60,0.27712754010288,29,0.188895016830645,0.03,0.97
"1080",60,0.27712754010288,30,0.293346088931208,0.627875,0.372125
"1081",60,0.27712754010288,31,0.269983342350563,0.438375,0.561625
"1082",60,0.27712754010288,32,0.324505838911753,0.82225,0.17775
"1083",60,0.27712754010288,33,0.35059226705196,0.928125,0.071875
"1084",60,0.27712754010288,34,0.311856926060568,0.756875,0.243125
"1085",60,0.27712754010288,35,0.299403917231303,0.67975,0.32025
"1086",60,0.27712754010288,36,0.31575145627667,0.77425,0.22575
"1087",60,0.27712754010288,37,0.249461827651219,0.279,0.721
"1088",60,0.27712754010288,38,0.286401182471142,0.578875,0.421125
"1089",60,0.27712754010288,39,0.223970797941189,0.1215,0.8785
"1090",60,0.27712754010288,40,0.339628074291312,0.89675,0.10325
"1091",60,0.27712754010288,41,0.307237854858413,0.730125,0.269875
"1092",60,0.27712754010288,42,0.143244716623661,0.00175,0.99825
"1093",60,0.27712754010288,43,0.224566210928145,0.131125,0.868875
"1094",60,0.27712754010288,44,0.251282671204634,0.29575,0.70425
"1095",60,0.27712754010288,45,0.339195344509133,0.893125,0.106875
"1096",60,0.27712754010288,46,0.287185427788314,0.579125,0.420875
"1097",60,0.27712754010288,47,0.226907264782915,0.145875,0.854125
"1098",60,0.27712754010288,48,0.263033440495431,0.386375,0.613625
"1099",60,0.27712754010288,49,0.213843947211682,0.087625,0.912375
"1100",60,0.27712754010288,50,0.22211501366371,0.1215,0.8785
"1101",60,0.27712754010288,51,0.249787481930253,0.281375,0.718625
"1102",60,0.27712754010288,52,0.229031266959798,0.154625,0.845375
"1103",60,0.27712754010288,53,0.294778017544495,0.641625,0.358375
"1104",60,0.27712754010288,54,0.21628668170651,0.089375,0.910625
"1105",60,0.27712754010288,55,0.209907255960866,0.07025,0.92975
"1106",60,0.27712754010288,56,0.313568700090597,0.7675,0.2325
"1107",60,0.27712754010288,57,0.208687652331326,0.074,0.926
"1108",60,0.27712754010288,58,0.240927547391475,0.214,0.786
"1109",60,0.27712754010288,59,0.31757194909683,0.7995,0.2005
"1110",60,0.27712754010288,60,0.319016891833437,0.806375,0.193625
"1111",60,0.27712754010288,61,0.239701089748841,0.22475,0.77525
"1112",60,0.27712754010288,62,0.253884824171845,0.307625,0.692375
"1113",60,0.27712754010288,63,0.214851481290421,0.085375,0.914625
"1114",60,0.27712754010288,64,0.181569027518675,0.021375,0.978625
"1115",60,0.27712754010288,65,0.248838549533093,0.28575,0.71425
"1116",60,0.27712754010288,66,0.274533956313747,0.47675,0.52325
"1117",60,0.27712754010288,67,0.262824801486659,0.376,0.624
"1118",60,0.27712754010288,68,0.192034922958101,0.03325,0.96675
"1119",60,0.27712754010288,69,0.313107707619967,0.76175,0.23825
"1120",60,0.27712754010288,70,0.266305531182992,0.41075,0.58925
"1121",60,0.27712754010288,71,0.274500562088933,0.47675,0.52325
"1122",60,0.27712754010288,72,0.291137578334645,0.6125,0.3875
"1123",60,0.27712754010288,73,0.197730927117693,0.0405,0.9595
"1124",60,0.27712754010288,74,0.293116202773677,0.630625,0.369375
"1125",60,0.27712754010288,75,0.422436301185778,0.9975,0.0025
"1126",60,0.27712754010288,76,0.253619279557376,0.30525,0.69475
"1127",60,0.27712754010288,77,0.300734870331931,0.682875,0.317125
"1128",60,0.27712754010288,78,0.317527088159121,0.798,0.202
"1129",60,0.27712754010288,79,0.346061777348594,0.919375,0.080625
"1130",60,0.27712754010288,80,0.22417851051214,0.132375,0.867625
"1131",60,0.27712754010288,81,0.266198979820651,0.411625,0.588375
"1132",60,0.27712754010288,82,0.188188267095517,0.02425,0.97575
"1133",60,0.27712754010288,83,0.295676475535855,0.647375,0.352625
"1134",60,0.27712754010288,84,0.306631738727769,0.72625,0.27375
"1135",60,0.27712754010288,85,0.303808506590579,0.697625,0.302375
"1136",60,0.27712754010288,86,0.253783995599688,0.3105,0.6895
"1137",60,0.27712754010288,87,0.313480529935718,0.773,0.227
"1138",60,0.27712754010288,88,0.260438617671787,0.367625,0.632375
"1139",60,0.27712754010288,89,0.33524646097259,0.8745,0.1255
"1140",60,0.27712754010288,90,0.296881335129185,0.657125,0.342875
"1141",60,0.27712754010288,91,0.26565578752061,0.41175,0.58825
"1142",60,0.27712754010288,92,0.202894653757531,0.054875,0.945125
"1143",60,0.27712754010288,93,0.257630134652694,0.353,0.647
"1144",60,0.27712754010288,94,0.287369969590054,0.584625,0.415375
"1145",60,0.27712754010288,95,0.213624715483483,0.089625,0.910375
"1146",60,0.27712754010288,96,0.255065069564086,0.317,0.683
"1147",60,0.27712754010288,97,0.3454607277054,0.908625,0.091375
"1148",60,0.27712754010288,98,0.223952895967097,0.135625,0.864375
"1149",60,0.27712754010288,99,0.177539594855864,0.014625,0.985375
"1150",60,0.27712754010288,100,0.332376442753795,0.872625,0.127375
"1151",60,0.27712754010288,101,0.252167366398892,0.299375,0.700625
"1152",60,0.27712754010288,102,0.272873608392267,0.4645,0.5355
"1153",60,0.27712754010288,103,0.284356568510438,0.563,0.437
"1154",60,0.27712754010288,104,0.358005409816356,0.949375,0.050625
"1155",60,0.27712754010288,105,0.329603541674765,0.85725,0.14275
"1156",60,0.27712754010288,106,0.221439695558542,0.1325,0.8675
"1157",60,0.27712754010288,107,0.196709926567648,0.037125,0.962875
"1158",60,0.27712754010288,108,0.225312470061641,0.1325,0.8675
"1159",60,0.27712754010288,109,0.254776702896952,0.314875,0.685125
"1160",60,0.27712754010288,110,0.341941832146914,0.912125,0.087875
"1161",60,0.27712754010288,111,0.308255390126298,0.73225,0.26775
"1162",60,0.27712754010288,112,0.265194504306356,0.397875,0.602125
"1163",60,0.27712754010288,113,0.342542945852503,0.910125,0.089875
"1164",60,0.27712754010288,114,0.320403626400563,0.80775,0.19225
"1165",60,0.27712754010288,115,0.325675969630436,0.8385,0.1615
"1166",60,0.27712754010288,116,0.28876503195624,0.600125,0.399875
"1167",60,0.27712754010288,117,0.3549170074448,0.945625,0.054375
"1168",60,0.27712754010288,118,0.289683483131483,0.605375,0.394625
"1169",60,0.27712754010288,119,0.208112351562688,0.06775,0.93225
"1170",60,0.27712754010288,120,0.164856050372366,0.007625,0.992375
"1171",60,0.27712754010288,121,0.235735048178807,0.18875,0.81125
"1172",60,0.27712754010288,122,0.236539894914666,0.195375,0.804625
"1173",60,0.27712754010288,123,0.342115426781705,0.9025,0.0975
"1174",60,0.27712754010288,124,0.246624127551444,0.262875,0.737125
"1175",60,0.27712754010288,125,0.306183015486256,0.729,0.271
"1176",60,0.27712754010288,126,0.26461453699684,0.393375,0.606625
"1177",60,0.27712754010288,127,0.301387831862225,0.69325,0.30675
"1178",60,0.27712754010288,128,0.323698171385645,0.82975,0.17025
"1179",60,0.27712754010288,129,0.251488288870437,0.284625,0.715375
"1180",60,0.27712754010288,130,0.193166050360498,0.041,0.959
"1181",60,0.27712754010288,131,0.228340257869016,0.1585,0.8415
"1182",60,0.27712754010288,132,0.241822265766019,0.239125,0.760875
"1183",60,0.27712754010288,133,0.244478823351085,0.2375,0.7625
"1184",60,0.27712754010288,134,0.306882715796465,0.739,0.261
"1185",60,0.27712754010288,135,0.271864839434358,0.45725,0.54275
"1186",60,0.27712754010288,136,0.340161632004388,0.903875,0.096125
"1187",60,0.27712754010288,137,0.33056369426644,0.866125,0.133875
"1188",60,0.27712754010288,138,0.243258908467827,0.233,0.767
"1189",60,0.27712754010288,139,0.292812478893011,0.627625,0.372375
"1190",60,0.27712754010288,140,0.322382679157393,0.817625,0.182375
"1191",60,0.27712754010288,141,0.353005341629437,0.94275,0.05725
"1192",60,0.27712754010288,142,0.260394550566285,0.35825,0.64175
"1193",60,0.27712754010288,143,0.301872515234721,0.692875,0.307125
"1194",60,0.27712754010288,144,0.243356012625274,0.232625,0.767375
"1195",60,0.27712754010288,145,0.326857367242619,0.85025,0.14975
"1196",60,0.27712754010288,146,0.2834412790294,0.551375,0.448625
"1197",60,0.27712754010288,147,0.289316298366249,0.599875,0.400125
"1198",60,0.27712754010288,148,0.244670357210311,0.249875,0.750125
"1199",60,0.27712754010288,149,0.259320409254734,0.35425,0.64575
"1200",60,0.27712754010288,150,0.272595577251923,0.45975,0.54025
"1201",60,0.41569131015432,1,0.445340622715457,0.99975,0.00025
"1202",60,0.41569131015432,2,0.48507889586295,1,0
"1203",60,0.41569131015432,3,0.438761722350561,0.9995,5e-04
"1204",60,0.41569131015432,4,0.369487488372856,0.96425,0.03575
"1205",60,0.41569131015432,5,0.373317920395391,0.970125,0.029875
"1206",60,0.41569131015432,6,0.369331100840227,0.96775,0.03225
"1207",60,0.41569131015432,7,0.311170510858757,0.759625,0.240375
"1208",60,0.41569131015432,8,0.324558412894215,0.83775,0.16225
"1209",60,0.41569131015432,9,0.398191881621837,0.989875,0.010125
"1210",60,0.41569131015432,10,0.460724017877109,1,0
"1211",60,0.41569131015432,11,0.442189953369923,0.99925,0.00075
"1212",60,0.41569131015432,12,0.54098287397262,1,0
"1213",60,0.41569131015432,13,0.401038081236452,0.99425,0.00575
"1214",60,0.41569131015432,14,0.527131643269503,1,0
"1215",60,0.41569131015432,15,0.461624889225946,1,0
"1216",60,0.41569131015432,16,0.380086289478333,0.982375,0.017625
"1217",60,0.41569131015432,17,0.35308514389333,0.940625,0.059375
"1218",60,0.41569131015432,18,0.374722876387659,0.977125,0.022875
"1219",60,0.41569131015432,19,0.408873438581224,0.994875,0.005125
"1220",60,0.41569131015432,20,0.451379450269744,0.999625,0.000375
"1221",60,0.41569131015432,21,0.334328563549361,0.879875,0.120125
"1222",60,0.41569131015432,22,0.460523520043098,0.999875,0.000125
"1223",60,0.41569131015432,23,0.523574092231864,1,0
"1224",60,0.41569131015432,24,0.382552470925523,0.984125,0.015875
"1225",60,0.41569131015432,25,0.555931569367701,1,0
"1226",60,0.41569131015432,26,0.486785964776633,0.999875,0.000125
"1227",60,0.41569131015432,27,0.274371413340016,0.476625,0.523375
"1228",60,0.41569131015432,28,0.433217172803675,0.999125,0.000875
"1229",60,0.41569131015432,29,0.405427594901931,0.99275,0.00725
"1230",60,0.41569131015432,30,0.465747191630798,0.99975,0.00025
"1231",60,0.41569131015432,31,0.42958963144103,0.998375,0.001625
"1232",60,0.41569131015432,32,0.427280929599369,0.9975,0.0025
"1233",60,0.41569131015432,33,0.33068880535626,0.86525,0.13475
"1234",60,0.41569131015432,34,0.543940389560005,1,0
"1235",60,0.41569131015432,35,0.38539181243672,0.99,0.01
"1236",60,0.41569131015432,36,0.598450775739952,1,0
"1237",60,0.41569131015432,37,0.321018634855796,0.824875,0.175125
"1238",60,0.41569131015432,38,0.384440275408417,0.9815,0.0185
"1239",60,0.41569131015432,39,0.451159457803642,0.99975,0.00025
"1240",60,0.41569131015432,40,0.336552768452818,0.8765,0.1235
"1241",60,0.41569131015432,41,0.385906586774461,0.987,0.013
"1242",60,0.41569131015432,42,0.393034149680196,0.98825,0.01175
"1243",60,0.41569131015432,43,0.419272578293463,0.998,0.002
"1244",60,0.41569131015432,44,0.468840325239102,0.99975,0.00025
"1245",60,0.41569131015432,45,0.601702469154884,1,0
"1246",60,0.41569131015432,46,0.50271239775016,1,0
"1247",60,0.41569131015432,47,0.45677105200813,0.99975,0.00025
"1248",60,0.41569131015432,48,0.48198865395378,1,0
"1249",60,0.41569131015432,49,0.437916493036632,0.99925,0.00075
"1250",60,0.41569131015432,50,0.231683433372616,0.175375,0.824625
"1251",60,0.41569131015432,51,0.555020563410314,1,0
"1252",60,0.41569131015432,52,0.40868864113267,0.9965,0.0035
"1253",60,0.41569131015432,53,0.547793543606985,1,0
"1254",60,0.41569131015432,54,0.531015607891996,1,0
"1255",60,0.41569131015432,55,0.34917137181495,0.936375,0.063625
"1256",60,0.41569131015432,56,0.413878920922625,0.997625,0.002375
"1257",60,0.41569131015432,57,0.395345112763905,0.992125,0.007875
"1258",60,0.41569131015432,58,0.474895782957013,1,0
"1259",60,0.41569131015432,59,0.342247596687237,0.912375,0.087625
"1260",60,0.41569131015432,60,0.335817820964195,0.870875,0.129125
"1261",60,0.41569131015432,61,0.401283516910178,0.992,0.008
"1262",60,0.41569131015432,62,0.25465433273227,0.319625,0.680375
"1263",60,0.41569131015432,63,0.571845979824561,1,0
"1264",60,0.41569131015432,64,0.448709422185186,0.999375,0.000625
"1265",60,0.41569131015432,65,0.332132488692952,0.859,0.141
"1266",60,0.41569131015432,66,0.333747875834388,0.877,0.123
"1267",60,0.41569131015432,67,0.473105843995632,1,0
"1268",60,0.41569131015432,68,0.466762528457241,1,0
"1269",60,0.41569131015432,69,0.324645751906705,0.84075,0.15925
"1270",60,0.41569131015432,70,0.358534765164246,0.949375,0.050625
"1271",60,0.41569131015432,71,0.407292594864939,0.993,0.007
"1272",60,0.41569131015432,72,0.426930637500787,0.998125,0.001875
"1273",60,0.41569131015432,73,0.510080507822543,1,0
"1274",60,0.41569131015432,74,0.460348965170818,0.999875,0.000125
"1275",60,0.41569131015432,75,0.401594116177225,0.993875,0.006125
"1276",60,0.41569131015432,76,0.488870831103636,1,0
"1277",60,0.41569131015432,77,0.436136147225529,0.999375,0.000625
"1278",60,0.41569131015432,78,0.416955631185424,0.99775,0.00225
"1279",60,0.41569131015432,79,0.378608808393025,0.97925,0.02075
"1280",60,0.41569131015432,80,0.407831388318529,0.995625,0.004375
"1281",60,0.41569131015432,81,0.423170351063411,0.9985,0.0015
"1282",60,0.41569131015432,82,0.429869393114271,0.99875,0.00125
"1283",60,0.41569131015432,83,0.335260345395975,0.88425,0.11575
"1284",60,0.41569131015432,84,0.469642640800241,1,0
"1285",60,0.41569131015432,85,0.346038705758066,0.917625,0.082375
"1286",60,0.41569131015432,86,0.409713122636134,0.996,0.004
"1287",60,0.41569131015432,87,0.45121378776521,0.999625,0.000375
"1288",60,0.41569131015432,88,0.373548891463844,0.97425,0.02575
"1289",60,0.41569131015432,89,0.443929204882433,0.999,0.001
"1290",60,0.41569131015432,90,0.554550872993392,1,0
"1291",60,0.41569131015432,91,0.305299199661318,0.719625,0.280375
"1292",60,0.41569131015432,92,0.420733155133029,0.998375,0.001625
"1293",60,0.41569131015432,93,0.371034807339278,0.964125,0.035875
"1294",60,0.41569131015432,94,0.476054058233908,1,0
"1295",60,0.41569131015432,95,0.313220967910204,0.760375,0.239625
"1296",60,0.41569131015432,96,0.36517056335049,0.964,0.036
"1297",60,0.41569131015432,97,0.360469762961539,0.952625,0.047375
"1298",60,0.41569131015432,98,0.483605127209017,0.999875,0.000125
"1299",60,0.41569131015432,99,0.319829705431019,0.8125,0.1875
"1300",60,0.41569131015432,100,0.362165253973473,0.9505,0.0495
"1301",60,0.41569131015432,101,0.426752891457947,0.999125,0.000875
"1302",60,0.41569131015432,102,0.35124090841598,0.930125,0.069875
"1303",60,0.41569131015432,103,0.399349221855604,0.991375,0.008625
"1304",60,0.41569131015432,104,0.515932967594476,1,0
"1305",60,0.41569131015432,105,0.342643777216441,0.909,0.091
"1306",60,0.41569131015432,106,0.48069631580481,1,0
"1307",60,0.41569131015432,107,0.446893177898123,0.99925,0.00075
"1308",60,0.41569131015432,108,0.38282576796889,0.986125,0.013875
"1309",60,0.41569131015432,109,0.411671269440313,0.99475,0.00525
"1310",60,0.41569131015432,110,0.398637311487274,0.993,0.007
"1311",60,0.41569131015432,111,0.330598771495961,0.869625,0.130375
"1312",60,0.41569131015432,112,0.45880462744839,0.99975,0.00025
"1313",60,0.41569131015432,113,0.512076307571319,1,0
"1314",60,0.41569131015432,114,0.418444780181226,0.998875,0.001125
"1315",60,0.41569131015432,115,0.337427548573447,0.8835,0.1165
"1316",60,0.41569131015432,116,0.378309955545519,0.98325,0.01675
"1317",60,0.41569131015432,117,0.300305341343378,0.6815,0.3185
"1318",60,0.41569131015432,118,0.382357523515101,0.978875,0.021125
"1319",60,0.41569131015432,119,0.447571794669926,0.999875,0.000125
"1320",60,0.41569131015432,120,0.407480026158864,0.997,0.003
"1321",60,0.41569131015432,121,0.456584518362978,0.999625,0.000375
"1322",60,0.41569131015432,122,0.397112588867582,0.993375,0.006625
"1323",60,0.41569131015432,123,0.389859376753554,0.987,0.013
"1324",60,0.41569131015432,124,0.565379584210682,1,0
"1325",60,0.41569131015432,125,0.335392419287541,0.882,0.118
"1326",60,0.41569131015432,126,0.462989308033385,0.99975,0.00025
"1327",60,0.41569131015432,127,0.276440245245863,0.495125,0.504875
"1328",60,0.41569131015432,128,0.426026127055727,0.998375,0.001625
"1329",60,0.41569131015432,129,0.364898799132725,0.9585,0.0415
"1330",60,0.41569131015432,130,0.447131520056498,0.99975,0.00025
"1331",60,0.41569131015432,131,0.330611506950006,0.862875,0.137125
"1332",60,0.41569131015432,132,0.35763760488279,0.955625,0.044375
"1333",60,0.41569131015432,133,0.337930745242726,0.88175,0.11825
"1334",60,0.41569131015432,134,0.295651706128059,0.64975,0.35025
"1335",60,0.41569131015432,135,0.423280103071433,0.9985,0.0015
"1336",60,0.41569131015432,136,0.373894020953325,0.977875,0.022125
"1337",60,0.41569131015432,137,0.361452671156348,0.952125,0.047875
"1338",60,0.41569131015432,138,0.410401340413085,0.995625,0.004375
"1339",60,0.41569131015432,139,0.295025347617802,0.64425,0.35575
"1340",60,0.41569131015432,140,0.407023681043332,0.995625,0.004375
"1341",60,0.41569131015432,141,0.42520317071099,0.99775,0.00225
"1342",60,0.41569131015432,142,0.406768538384036,0.997125,0.002875
"1343",60,0.41569131015432,143,0.295253597698387,0.64275,0.35725
"1344",60,0.41569131015432,144,0.32634356483511,0.83675,0.16325
"1345",60,0.41569131015432,145,0.477980492963936,1,0
"1346",60,0.41569131015432,146,0.424296495932968,0.998,0.002
"1347",60,0.41569131015432,147,0.434580202632282,0.999,0.001
"1348",60,0.41569131015432,148,0.443059778711809,0.999375,0.000625
"1349",60,0.41569131015432,149,0.547986348290042,1,0
"1350",60,0.41569131015432,150,0.40730651015495,0.995875,0.004125
"1351",60,0.48497319518004,1,0.452445791394942,0.999875,0.000125
"1352",60,0.48497319518004,2,0.472425642372718,1,0
"1353",60,0.48497319518004,3,0.335979190664568,0.894125,0.105875
"1354",60,0.48497319518004,4,0.570276367418218,1,0
"1355",60,0.48497319518004,5,0.345989972741855,0.919625,0.080375
"1356",60,0.48497319518004,6,0.465080665051836,1,0
"1357",60,0.48497319518004,7,0.445125474353605,0.999375,0.000625
"1358",60,0.48497319518004,8,0.434556773615282,0.999125,0.000875
"1359",60,0.48497319518004,9,0.380451667054044,0.981875,0.018125
"1360",60,0.48497319518004,10,0.423829026075357,0.9985,0.0015
"1361",60,0.48497319518004,11,0.399635601499888,0.993125,0.006875
"1362",60,0.48497319518004,12,0.385637162449374,0.983,0.017
"1363",60,0.48497319518004,13,0.452584857692922,0.999875,0.000125
"1364",60,0.48497319518004,14,0.435728856027337,0.999375,0.000625
"1365",60,0.48497319518004,15,0.535419152059823,1,0
"1366",60,0.48497319518004,16,0.562618750900193,1,0
"1367",60,0.48497319518004,17,0.549745178168374,1,0
"1368",60,0.48497319518004,18,0.515293866460766,1,0
"1369",60,0.48497319518004,19,0.473702170679391,0.99975,0.00025
"1370",60,0.48497319518004,20,0.488446784063619,1,0
"1371",60,0.48497319518004,21,0.672970375558617,1,0
"1372",60,0.48497319518004,22,0.537257883463663,1,0
"1373",60,0.48497319518004,23,0.475970921954177,1,0
"1374",60,0.48497319518004,24,0.384456450728268,0.98425,0.01575
"1375",60,0.48497319518004,25,0.670589781837995,1,0
"1376",60,0.48497319518004,26,0.498585601265965,1,0
"1377",60,0.48497319518004,27,0.475659774798653,1,0
"1378",60,0.48497319518004,28,0.455843577526538,0.999875,0.000125
"1379",60,0.48497319518004,29,0.583160609387354,1,0
"1380",60,0.48497319518004,30,0.440450257932672,0.99925,0.00075
"1381",60,0.48497319518004,31,0.500643458682096,1,0
"1382",60,0.48497319518004,32,0.437538257772805,0.999,0.001
"1383",60,0.48497319518004,33,0.456462980840293,0.99925,0.00075
"1384",60,0.48497319518004,34,0.432510866896911,0.999,0.001
"1385",60,0.48497319518004,35,0.584489531005502,1,0
"1386",60,0.48497319518004,36,0.486853918074027,1,0
"1387",60,0.48497319518004,37,0.655035154915714,1,0
"1388",60,0.48497319518004,38,0.507913227734072,1,0
"1389",60,0.48497319518004,39,0.577392923170122,1,0
"1390",60,0.48497319518004,40,0.527874854140712,1,0
"1391",60,0.48497319518004,41,0.467163552730425,0.999875,0.000125
"1392",60,0.48497319518004,42,0.547900885220173,1,0
"1393",60,0.48497319518004,43,0.693874367523525,1,0
"1394",60,0.48497319518004,44,0.433084641517427,0.999,0.001
"1395",60,0.48497319518004,45,0.476716428565291,0.999875,0.000125
"1396",60,0.48497319518004,46,0.413603611867986,0.997375,0.002625
"1397",60,0.48497319518004,47,0.504911944424575,1,0
"1398",60,0.48497319518004,48,0.476588710515174,1,0
"1399",60,0.48497319518004,49,0.559859963703059,1,0
"1400",60,0.48497319518004,50,0.528991473725614,1,0
"1401",60,0.48497319518004,51,0.563615856998016,1,0
"1402",60,0.48497319518004,52,0.462999856938837,1,0
"1403",60,0.48497319518004,53,0.590745130657338,1,0
"1404",60,0.48497319518004,54,0.47461157566706,1,0
"1405",60,0.48497319518004,55,0.443264170984393,0.999125,0.000875
"1406",60,0.48497319518004,56,0.453683782999178,0.9995,5e-04
"1407",60,0.48497319518004,57,0.388184312578898,0.98825,0.01175
"1408",60,0.48497319518004,58,0.570621648279349,1,0
"1409",60,0.48497319518004,59,0.476187032768688,1,0
"1410",60,0.48497319518004,60,0.398145345737497,0.992625,0.007375
"1411",60,0.48497319518004,61,0.517038990001715,1,0
"1412",60,0.48497319518004,62,0.510684011680847,1,0
"1413",60,0.48497319518004,63,0.68570141568632,1,0
"1414",60,0.48497319518004,64,0.466241738177859,1,0
"1415",60,0.48497319518004,65,0.455405049601739,0.99975,0.00025
"1416",60,0.48497319518004,66,0.465320845662104,1,0
"1417",60,0.48497319518004,67,0.449598338397821,0.99975,0.00025
"1418",60,0.48497319518004,68,0.411302320637671,0.99675,0.00325
"1419",60,0.48497319518004,69,0.430740824975935,0.999375,0.000625
"1420",60,0.48497319518004,70,0.593727511543904,1,0
"1421",60,0.48497319518004,71,0.432127695299123,0.998625,0.001375
"1422",60,0.48497319518004,72,0.476278416899961,1,0
"1423",60,0.48497319518004,73,0.522787946684384,1,0
"1424",60,0.48497319518004,74,0.446503554686956,0.99875,0.00125
"1425",60,0.48497319518004,75,0.512172783997448,1,0
"1426",60,0.48497319518004,76,0.418994978678341,0.996125,0.003875
"1427",60,0.48497319518004,77,0.424084121436475,0.999625,0.000375
"1428",60,0.48497319518004,78,0.418857619782957,0.99525,0.00475
"1429",60,0.48497319518004,79,0.526624325990741,1,0
"1430",60,0.48497319518004,80,0.454132438853111,0.999875,0.000125
"1431",60,0.48497319518004,81,0.524038947917143,1,0
"1432",60,0.48497319518004,82,0.495010134446208,1,0
"1433",60,0.48497319518004,83,0.663086784686384,1,0
"1434",60,0.48497319518004,84,0.462319398861193,0.999625,0.000375
"1435",60,0.48497319518004,85,0.42398311518847,0.99825,0.00175
"1436",60,0.48497319518004,86,0.389479771766398,0.987,0.013
"1437",60,0.48497319518004,87,0.431975269030344,0.999125,0.000875
"1438",60,0.48497319518004,88,0.581154679767865,1,0
"1439",60,0.48497319518004,89,0.503929092280131,1,0
"1440",60,0.48497319518004,90,0.527580402196079,1,0
"1441",60,0.48497319518004,91,0.486103627853494,1,0
"1442",60,0.48497319518004,92,0.585682981571287,1,0
"1443",60,0.48497319518004,93,0.375758955971538,0.977125,0.022875
"1444",60,0.48497319518004,94,0.537748844710971,1,0
"1445",60,0.48497319518004,95,0.494338585728576,0.999625,0.000375
"1446",60,0.48497319518004,96,0.48626858061556,1,0
"1447",60,0.48497319518004,97,0.531392233026762,1,0
"1448",60,0.48497319518004,98,0.48752673273154,1,0
"1449",60,0.48497319518004,99,0.494659678383142,1,0
"1450",60,0.48497319518004,100,0.442264244576069,0.998625,0.001375
"1451",60,0.48497319518004,101,0.509964052343954,0.999875,0.000125
"1452",60,0.48497319518004,102,0.548948558896093,1,0
"1453",60,0.48497319518004,103,0.596938771216205,1,0
"1454",60,0.48497319518004,104,0.648796762010307,1,0
"1455",60,0.48497319518004,105,0.468426617831105,0.99975,0.00025
"1456",60,0.48497319518004,106,0.515449144278738,1,0
"1457",60,0.48497319518004,107,0.331241069193762,0.86175,0.13825
"1458",60,0.48497319518004,108,0.451074358916437,0.999375,0.000625
"1459",60,0.48497319518004,109,0.470167146006691,1,0
"1460",60,0.48497319518004,110,0.459711944352035,1,0
"1461",60,0.48497319518004,111,0.636474533258015,1,0
"1462",60,0.48497319518004,112,0.437212097509289,0.999375,0.000625
"1463",60,0.48497319518004,113,0.445756475787922,0.99975,0.00025
"1464",60,0.48497319518004,114,0.566204198955156,1,0
"1465",60,0.48497319518004,115,0.516808092753047,1,0
"1466",60,0.48497319518004,116,0.507295155440493,1,0
"1467",60,0.48497319518004,117,0.491923704324741,1,0
"1468",60,0.48497319518004,118,0.392268123931191,0.986625,0.013375
"1469",60,0.48497319518004,119,0.491743885007917,1,0
"1470",60,0.48497319518004,120,0.465251439186087,1,0
"1471",60,0.48497319518004,121,0.556136896460187,1,0
"1472",60,0.48497319518004,122,0.528217635279432,1,0
"1473",60,0.48497319518004,123,0.493749825603666,1,0
"1474",60,0.48497319518004,124,0.437264439710819,0.99875,0.00125
"1475",60,0.48497319518004,125,0.500557820169725,1,0
"1476",60,0.48497319518004,126,0.55249985683336,1,0
"1477",60,0.48497319518004,127,0.448514076753621,1,0
"1478",60,0.48497319518004,128,0.390104845859374,0.989125,0.010875
"1479",60,0.48497319518004,129,0.420913505794386,0.99775,0.00225
"1480",60,0.48497319518004,130,0.572712839522534,1,0
"1481",60,0.48497319518004,131,0.422555601656671,0.998625,0.001375
"1482",60,0.48497319518004,132,0.571663556981298,1,0
"1483",60,0.48497319518004,133,0.514040616270818,1,0
"1484",60,0.48497319518004,134,0.489252983942013,1,0
"1485",60,0.48497319518004,135,0.413650549161239,0.99675,0.00325
"1486",60,0.48497319518004,136,0.545525872574026,1,0
"1487",60,0.48497319518004,137,0.493199946153257,1,0
"1488",60,0.48497319518004,138,0.493912436367287,1,0
"1489",60,0.48497319518004,139,0.41918513802818,0.998375,0.001625
"1490",60,0.48497319518004,140,0.512032667475086,0.999875,0.000125
"1491",60,0.48497319518004,141,0.352110303746915,0.937625,0.062375
"1492",60,0.48497319518004,142,0.411605652856379,0.996375,0.003625
"1493",60,0.48497319518004,143,0.435210301962027,0.998375,0.001625
"1494",60,0.48497319518004,144,0.608287698121534,1,0
"1495",60,0.48497319518004,145,0.689041128967804,1,0
"1496",60,0.48497319518004,146,0.561057785406162,1,0
"1497",60,0.48497319518004,147,0.438181772418259,0.999625,0.000375
"1498",60,0.48497319518004,148,0.46326654083221,1,0
"1499",60,0.48497319518004,149,0.424369386167213,0.9995,5e-04
"1500",60,0.48497319518004,150,0.659321922948189,1,0
