"","subject_condition","sim_n","BF","subj_n"
"1","beta1","sim1",41.5531914893617,10
"2","beta1","sim2",1.31347599768652,10
"3","beta1","sim3",114.942028985507,10
"4","beta1","sim4",274.862068965517,10
"5","beta1","sim5",4.89535740604274,10
"6","beta1","sim6",132.333333333333,10
"7","beta1","sim7",124,10
"8","beta1","sim8",13.8698884758364,10
"9","beta1","sim9",241.424242424242,10
"10","beta1","sim10",24.4777070063694,10
"11","beta1","sim11",22.3918128654971,10
"12","beta1","sim12",15.260162601626,10
"13","beta1","sim13",1.50312891113892,10
"14","beta1","sim14",40.025641025641,10
"15","beta1","sim15",36.7358490566038,10
"16","beta1","sim16",45.7836257309942,10
"17","beta1","sim17",71.0720720720721,10
"18","beta1","sim18",176.777777777778,10
"19","beta1","sim19",73.7663551401869,10
"20","beta1","sim20",122.076923076923,10
"21","beta1","sim21",1.12709385801648,10
"22","beta1","sim22",2.80589914367269,10
"23","beta1","sim23",21.1606648199446,10
"24","beta1","sim24",41.7807486631016,10
"25","beta1","sim25",27.2685512367491,10
"26","beta1","sim26",0.591089896579157,10
"27","beta1","sim27",25.578073089701,10
"28","beta1","sim28",2.06396016851781,10
"29","beta1","sim29",61.015503875969,10
"30","beta1","sim30",15.0642570281125,10
"31","beta1","sim31",570.428571428571,10
"32","beta1","sim32",6.41427247451344,10
"33","beta1","sim33",32.6134453781513,10
"34","beta1","sim34",41.1052631578947,10
"35","beta1","sim35",227.571428571429,10
"36","beta1","sim36",1.96076980014804,10
"37","beta1","sim37",570.428571428571,10
"38","beta1","sim38",8.82800982800983,10
"39","beta1","sim39",12.5363790186125,10
"40","beta1","sim40",113.285714285714,10
"41","beta1","sim41",204.128205128205,10
"42","beta1","sim42",14.9362549800797,10
"43","beta1","sim43",1141.85714285714,10
"44","beta1","sim44",1.28245363766048,10
"45","beta1","sim45",4.08259212198221,10
"46","beta1","sim46",74.4716981132076,10
"47","beta1","sim47",9.63829787234043,10
"48","beta1","sim48",265.666666666667,10
"49","beta1","sim49",78.2079207920792,10
"50","beta1","sim50",15.8067226890756,10
"51","beta1","sim51",16.6211453744493,10
"52","beta1","sim52",8.62695547533093,10
"53","beta1","sim53",42.4782608695652,10
"54","beta1","sim54",1141.85714285714,10
"55","beta1","sim55",12.4907251264755,10
"56","beta1","sim56",9.13941698352345,10
"57","beta1","sim57",61.992125984252,10
"58","beta1","sim58",4.0761421319797,10
"59","beta1","sim59",71.7272727272727,10
"60","beta1","sim60",19.3562340966921,10
"61","beta1","sim61",0.20918984280532,10
"62","beta1","sim62",1.17864923747277,10
"63","beta1","sim63",5.56814449917898,10
"64","beta1","sim64",42.7158469945355,10
"65","beta1","sim65",31.1285140562249,10
"66","beta1","sim66",2.39991500212495,10
"67","beta1","sim67",18.047619047619,10
"68","beta1","sim68",14.7170923379175,10
"69","beta1","sim69",1.54858235106722,10
"70","beta1","sim70",8.9502487562189,10
"71","beta1","sim71",469.588235294118,10
"72","beta1","sim72",25.4900662251656,10
"73","beta1","sim73",0.681025425509561,10
"74","beta1","sim74",399,10
"75","beta1","sim75",1.3028209556707,10
"76","beta1","sim76",7999,10
"77","beta1","sim77",40.6666666666667,10
"78","beta1","sim78",0.179766996018286,10
"79","beta1","sim79",15.8421052631579,10
"80","beta1","sim80",1.64113568834599,10
"81","beta1","sim81",241.424242424242,10
"82","beta1","sim82",0.438072982203847,10
"83","beta1","sim83",16.1306209850107,10
"84","beta1","sim84",3.71976401179941,10
"85","beta1","sim85",3.83091787439614,10
"86","beta1","sim86",0.76056338028169,10
"87","beta1","sim87",234.294117647059,10
"88","beta1","sim88",12.355592654424,10
"89","beta1","sim89",3.72533963378618,10
"90","beta1","sim90",18.9501246882793,10
"91","beta1","sim91",10.6279069767442,10
"92","beta1","sim92",6.68491834774256,10
"93","beta1","sim93",29.3030303030303,10
"94","beta1","sim94",99,10
"95","beta1","sim95",7.81057268722467,10
"96","beta1","sim96",3.70035252643948,10
"97","beta1","sim97",8.68523002421307,10
"98","beta1","sim98",6.84313725490196,10
"99","beta1","sim99",887.888888888889,10
"100","beta1","sim100",2.95061728395062,10
"101","beta2","sim1",21.2841225626741,15
"102","beta2","sim2",221.222222222222,15
"103","beta2","sim3",5.61157024793388,15
"104","beta2","sim4",165.666666666667,15
"105","beta2","sim5",8.75609756097561,15
"106","beta2","sim6",469.588235294118,15
"107","beta2","sim7",29.4182509505703,15
"108","beta2","sim8",25.4026402640264,15
"109","beta2","sim9",0.744439598778892,15
"110","beta2","sim10",6.74443368828654,15
"111","beta2","sim11",420.052631578947,15
"112","beta2","sim12",8.20598388952819,15
"113","beta2","sim13",1.64550264550265,15
"114","beta2","sim14",10.7994100294985,15
"115","beta2","sim15",443.444444444444,15
"116","beta2","sim16",36.7358490566038,15
"117","beta2","sim17",94.2380952380952,15
"118","beta2","sim18",570.428571428571,15
"119","beta2","sim19",25.578073089701,15
"120","beta2","sim20",1599,15
"121","beta2","sim21",46.6190476190476,15
"122","beta2","sim22",136.931034482759,15
"123","beta2","sim23",56.1428571428571,15
"124","beta2","sim24",28.3040293040293,15
"125","beta2","sim25",1999,15
"126","beta2","sim26",11.8,15
"127","beta2","sim27",38.6039603960396,15
"128","beta2","sim28",169.212765957447,15
"129","beta2","sim29",58.2592592592593,15
"130","beta2","sim30",284.714285714286,15
"131","beta2","sim31",0.774622892635315,15
"132","beta2","sim32",8.9626400996264,15
"133","beta2","sim33",15.597510373444,15
"134","beta2","sim34",1.34810683886117,15
"135","beta2","sim35",1599,15
"136","beta2","sim36",165.666666666667,15
"137","beta2","sim37",7999,15
"138","beta2","sim38",5.65557404326123,15
"139","beta2","sim39",799,15
"140","beta2","sim40",49.314465408805,15
"141","beta2","sim41",265.666666666667,15
"142","beta2","sim42",116.647058823529,15
"143","beta2","sim43",8.00900900900901,15
"144","beta2","sim44",36.5586854460094,15
"145","beta2","sim45",2.71402042711235,15
"146","beta2","sim46",88.8876404494382,15
"147","beta2","sim47",4.249343832021,15
"148","beta2","sim48",0.351351351351351,15
"149","beta2","sim49",Inf,15
"150","beta2","sim50",13.5719489981785,15
"151","beta2","sim51",1999,15
"152","beta2","sim52",10.0344827586207,15
"153","beta2","sim53",85.0215053763441,15
"154","beta2","sim54",15.260162601626,15
"155","beta2","sim55",6.63358778625954,15
"156","beta2","sim56",8.45626477541371,15
"157","beta2","sim57",274.862068965517,15
"158","beta2","sim58",25.7558528428094,15
"159","beta2","sim59",39.2010050251256,15
"160","beta2","sim60",12.5135135135135,15
"161","beta2","sim61",65.1157024793388,15
"162","beta2","sim62",30.7460317460317,15
"163","beta2","sim63",1.31884057971015,15
"164","beta2","sim64",0.737619461337967,15
"165","beta2","sim65",799,15
"166","beta2","sim66",132.333333333333,15
"167","beta2","sim67",12.8169257340242,15
"168","beta2","sim68",35.3636363636364,15
"169","beta2","sim69",362.636363636364,15
"170","beta2","sim70",4.07292327203551,15
"171","beta2","sim71",18.2307692307692,15
"172","beta2","sim72",71.0720720720721,15
"173","beta2","sim73",25.1437908496732,15
"174","beta2","sim74",26.681660899654,15
"175","beta2","sim75",1.03925567167984,15
"176","beta2","sim76",18.559902200489,15
"177","beta2","sim77",295.296296296296,15
"178","beta2","sim78",8.40070505287897,15
"179","beta2","sim79",1.62295081967213,15
"180","beta2","sim80",15.2932790224033,15
"181","beta2","sim81",1.30083405234397,15
"182","beta2","sim82",0.174398120963006,15
"183","beta2","sim83",3.16449765747007,15
"184","beta2","sim84",33.3347639484979,15
"185","beta2","sim85",726.272727272727,15
"186","beta2","sim86",7.83002207505519,15
"187","beta2","sim87",1141.85714285714,15
"188","beta2","sim88",399,15
"189","beta2","sim89",10.7647058823529,15
"190","beta2","sim90",7.01603206412826,15
"191","beta2","sim91",532.333333333333,15
"192","beta2","sim92",13.8148148148148,15
"193","beta2","sim93",5.76818950930626,15
"194","beta2","sim94",128.032258064516,15
"195","beta2","sim95",199,15
"196","beta2","sim96",1.39377618192699,15
"197","beta2","sim97",570.428571428571,15
"198","beta2","sim98",21.7920227920228,15
"199","beta2","sim99",3.28494911622924,15
"200","beta2","sim100",332.333333333333,15
"201","beta3","sim1",7.03212851405623,20
"202","beta3","sim2",319,20
"203","beta3","sim3",3999,20
"204","beta3","sim4",17.9125295508274,20
"205","beta3","sim5",319,20
"206","beta3","sim6",15.5631469979296,20
"207","beta3","sim7",52.3333333333333,20
"208","beta3","sim8",16.353579175705,20
"209","beta3","sim9",0.687051876845213,20
"210","beta3","sim10",15.597510373444,20
"211","beta3","sim11",2.68324125230203,20
"212","beta3","sim12",31.258064516129,20
"213","beta3","sim13",6.4280408542247,20
"214","beta3","sim14",7999,20
"215","beta3","sim15",37.4615384615385,20
"216","beta3","sim16",10.9047619047619,20
"217","beta3","sim17",4.06329113924051,20
"218","beta3","sim18",0.34748189321206,20
"219","beta3","sim19",71.7272727272727,20
"220","beta3","sim20",306.692307692308,20
"221","beta3","sim21",2.2064128256513,20
"222","beta3","sim22",185.046511627907,20
"223","beta3","sim23",6.2992700729927,20
"224","beta3","sim24",5.16808018504241,20
"225","beta3","sim25",234.294117647059,20
"226","beta3","sim26",0.902497027348395,20
"227","beta3","sim27",7999,20
"228","beta3","sim28",332.333333333333,20
"229","beta3","sim29",469.588235294118,20
"230","beta3","sim30",31.258064516129,20
"231","beta3","sim31",139.350877192982,20
"232","beta3","sim32",31.1285140562249,20
"233","beta3","sim33",36.037037037037,20
"234","beta3","sim34",59.1503759398496,20
"235","beta3","sim35",25.7558528428094,20
"236","beta3","sim36",63.5161290322581,20
"237","beta3","sim37",257.064516129032,20
"238","beta3","sim38",614.384615384615,20
"239","beta3","sim39",3.778972520908,20
"240","beta3","sim40",29.7692307692308,20
"241","beta3","sim41",70.4285714285714,20
"242","beta3","sim42",136.931034482759,20
"243","beta3","sim43",469.588235294118,20
"244","beta3","sim44",5.23538581449727,20
"245","beta3","sim45",7999,20
"246","beta3","sim46",469.588235294118,20
"247","beta3","sim47",3999,20
"248","beta3","sim48",1.07792207792208,20
"249","beta3","sim49",379.952380952381,20
"250","beta3","sim50",29.3030303030303,20
"251","beta3","sim51",9.81081081081081,20
"252","beta3","sim52",726.272727272727,20
"253","beta3","sim53",5.77966101694915,20
"254","beta3","sim54",11.0663650075415,20
"255","beta3","sim55",11.1951219512195,20
"256","beta3","sim56",30.496062992126,20
"257","beta3","sim57",532.333333333333,20
"258","beta3","sim58",3999,20
"259","beta3","sim59",570.428571428571,20
"260","beta3","sim60",90.9540229885057,20
"261","beta3","sim61",35.697247706422,20
"262","beta3","sim62",155.862745098039,20
"263","beta3","sim63",379.952380952381,20
"264","beta3","sim64",118.402985074627,20
"265","beta3","sim65",1999,20
"266","beta3","sim66",136.931034482759,20
"267","beta3","sim67",194.121951219512,20
"268","beta3","sim68",95.3855421686747,20
"269","beta3","sim69",10.7130307467057,20
"270","beta3","sim70",38.4088669950739,20
"271","beta3","sim71",6.11743772241993,20
"272","beta3","sim72",17.9125295508274,20
"273","beta3","sim73",29.6513409961686,20
"274","beta3","sim74",726.272727272727,20
"275","beta3","sim75",105.666666666667,20
"276","beta3","sim76",24.6410256410256,20
"277","beta3","sim77",6.99200799200799,20
"278","beta3","sim78",799,20
"279","beta3","sim79",2.48432055749129,20
"280","beta3","sim80",38.2156862745098,20
"281","beta3","sim81",21.7272727272727,20
"282","beta3","sim82",19.1005025125628,20
"283","beta3","sim83",19.8333333333333,20
"284","beta3","sim84",75.1904761904762,20
"285","beta3","sim85",265.666666666667,20
"286","beta3","sim86",11.2699386503067,20
"287","beta3","sim87",24.0783699059561,20
"288","beta3","sim88",147.148148148148,20
"289","beta3","sim89",799,20
"290","beta3","sim90",2.5650623885918,20
"291","beta3","sim91",319,20
"292","beta3","sim92",257.064516129032,20
"293","beta3","sim93",332.333333333333,20
"294","beta3","sim94",3999,20
"295","beta3","sim95",11.9659643435981,20
"296","beta3","sim96",4.52104899930987,20
"297","beta3","sim97",18.3704600484261,20
"298","beta3","sim98",59.6060606060606,20
"299","beta3","sim99",8.65018094089264,20
"300","beta3","sim100",3999,20
"301","beta4","sim1",332.333333333333,25
"302","beta4","sim2",111.676056338028,25
"303","beta4","sim3",13.4404332129964,25
"304","beta4","sim4",5.01503759398496,25
"305","beta4","sim5",19.4081632653061,25
"306","beta4","sim6",4.42372881355932,25
"307","beta4","sim7",1999,25
"308","beta4","sim8",102.896103896104,25
"309","beta4","sim9",420.052631578947,25
"310","beta4","sim10",41.5531914893617,25
"311","beta4","sim11",234.294117647059,25
"312","beta4","sim12",257.064516129032,25
"313","beta4","sim13",27.0701754385965,25
"314","beta4","sim14",8.59232613908873,25
"315","beta4","sim15",114.942028985507,25
"316","beta4","sim16",7.3073727933541,25
"317","beta4","sim17",999,25
"318","beta4","sim18",284.714285714286,25
"319","beta4","sim19",379.952380952381,25
"320","beta4","sim20",19.7253886010363,25
"321","beta4","sim21",1141.85714285714,25
"322","beta4","sim22",64.5737704918033,25
"323","beta4","sim23",10.4942528735632,25
"324","beta4","sim24",23.7678018575851,25
"325","beta4","sim25",50.6129032258064,25
"326","beta4","sim26",11.3839009287926,25
"327","beta4","sim27",15.5631469979296,25
"328","beta4","sim28",13.3626570915619,25
"329","beta4","sim29",45.5116279069767,25
"330","beta4","sim30",Inf,25
"331","beta4","sim31",100.26582278481,25
"332","beta4","sim32",34.8744394618834,25
"333","beta4","sim33",469.588235294118,25
"334","beta4","sim34",41.5531914893617,25
"335","beta4","sim35",8.10125142207053,25
"336","beta4","sim36",63.5161290322581,25
"337","beta4","sim37",1332.33333333333,25
"338","beta4","sim38",532.333333333333,25
"339","beta4","sim39",12.8648180242634,25
"340","beta4","sim40",Inf,25
"341","beta4","sim41",30.25,25
"342","beta4","sim42",1332.33333333333,25
"343","beta4","sim43",56.5539568345324,25
"344","beta4","sim44",21.4089635854342,25
"345","beta4","sim45",124,25
"346","beta4","sim46",15.2271805273834,25
"347","beta4","sim47",14.0375939849624,25
"348","beta4","sim48",42.4782608695652,25
"349","beta4","sim49",144.454545454545,25
"350","beta4","sim50",152.846153846154,25
"351","beta4","sim51",999,25
"352","beta4","sim52",Inf,25
"353","beta4","sim53",3.9079754601227,25
"354","beta4","sim54",6.1301247771836,25
"355","beta4","sim55",13.760147601476,25
"356","beta4","sim56",1599,25
"357","beta4","sim57",8.18484500574053,25
"358","beta4","sim58",75.1904761904762,25
"359","beta4","sim59",141.857142857143,25
"360","beta4","sim60",319,25
"361","beta4","sim61",7.10536980749747,25
"362","beta4","sim62",665.666666666667,25
"363","beta4","sim63",2.996003996004,25
"364","beta4","sim64",29.3030303030303,25
"365","beta4","sim65",614.384615384615,25
"366","beta4","sim66",25.0586319218241,25
"367","beta4","sim67",14.2380952380952,25
"368","beta4","sim68",51.2875816993464,25
"369","beta4","sim69",16.8173719376392,25
"370","beta4","sim70",8.88875154511743,25
"371","beta4","sim71",40.4507772020725,25
"372","beta4","sim72",75.1904761904762,25
"373","beta4","sim73",5.9204152249135,25
"374","beta4","sim74",2665.66666666667,25
"375","beta4","sim75",6.2463768115942,25
"376","beta4","sim76",35.036036036036,25
"377","beta4","sim77",65.1157024793388,25
"378","beta4","sim78",Inf,25
"379","beta4","sim79",532.333333333333,25
"380","beta4","sim80",8.7442143727162,25
"381","beta4","sim81",6.88954635108481,25
"382","beta4","sim82",189.47619047619,25
"383","beta4","sim83",10.4613180515759,25
"384","beta4","sim84",56.9710144927536,25
"385","beta4","sim85",18.3236714975845,25
"386","beta4","sim86",85.0215053763441,25
"387","beta4","sim87",25.4026402640264,25
"388","beta4","sim88",67.3760683760684,25
"389","beta4","sim89",29.0751879699248,25
"390","beta4","sim90",33.7826086956522,25
"391","beta4","sim91",7999,25
"392","beta4","sim92",887.888888888889,25
"393","beta4","sim93",3999,25
"394","beta4","sim94",Inf,25
"395","beta4","sim95",21.5988700564972,25
"396","beta4","sim96",362.636363636364,25
"397","beta4","sim97",39.6091370558376,25
"398","beta4","sim98",249,25
"399","beta4","sim99",532.333333333333,25
"400","beta4","sim100",27.673835125448,25
"401","beta5","sim1",7999,30
"402","beta5","sim2",Inf,30
"403","beta5","sim3",8.50118764845606,30
"404","beta5","sim4",Inf,30
"405","beta5","sim5",3999,30
"406","beta5","sim6",1141.85714285714,30
"407","beta5","sim7",59.1503759398496,30
"408","beta5","sim8",7999,30
"409","beta5","sim9",Inf,30
"410","beta5","sim10",12.3333333333333,30
"411","beta5","sim11",234.294117647059,30
"412","beta5","sim12",10.0192837465565,30
"413","beta5","sim13",83.2105263157895,30
"414","beta5","sim14",66.2268907563025,30
"415","beta5","sim15",306.692307692308,30
"416","beta5","sim16",1332.33333333333,30
"417","beta5","sim17",614.384615384615,30
"418","beta5","sim18",2665.66666666667,30
"419","beta5","sim19",18.7530864197531,30
"420","beta5","sim20",39,30
"421","beta5","sim21",14.8102766798419,30
"422","beta5","sim22",24.2365930599369,30
"423","beta5","sim23",614.384615384615,30
"424","beta5","sim24",17.140589569161,30
"425","beta5","sim25",5.94444444444444,30
"426","beta5","sim26",19.1511335012594,30
"427","beta5","sim27",215.216216216216,30
"428","beta5","sim28",55.7375886524823,30
"429","beta5","sim29",362.636363636364,30
"430","beta5","sim30",149.943396226415,30
"431","beta5","sim31",614.384615384615,30
"432","beta5","sim32",61.992125984252,30
"433","beta5","sim33",5.37958532695375,30
"434","beta5","sim34",3.46677833612507,30
"435","beta5","sim35",332.333333333333,30
"436","beta5","sim36",Inf,30
"437","beta5","sim37",Inf,30
"438","beta5","sim38",7.99887514060742,30
"439","beta5","sim39",1599,30
"440","beta5","sim40",249,30
"441","beta5","sim41",469.588235294118,30
"442","beta5","sim42",7999,30
"443","beta5","sim43",362.636363636364,30
"444","beta5","sim44",159,30
"445","beta5","sim45",499,30
"446","beta5","sim46",665.666666666667,30
"447","beta5","sim47",87.8888888888889,30
"448","beta5","sim48",105.666666666667,30
"449","beta5","sim49",29.188679245283,30
"450","beta5","sim50",86.9120879120879,30
"451","beta5","sim51",726.272727272727,30
"452","beta5","sim52",241.424242424242,30
"453","beta5","sim53",130.147540983607,30
"454","beta5","sim54",1141.85714285714,30
"455","beta5","sim55",59.6060606060606,30
"456","beta5","sim56",614.384615384615,30
"457","beta5","sim57",31.520325203252,30
"458","beta5","sim58",176.777777777778,30
"459","beta5","sim59",9.8843537414966,30
"460","beta5","sim60",Inf,30
"461","beta5","sim61",130.147540983607,30
"462","beta5","sim62",40.025641025641,30
"463","beta5","sim63",Inf,30
"464","beta5","sim64",379.952380952381,30
"465","beta5","sim65",2.00187617260788,30
"466","beta5","sim66",81.4742268041237,30
"467","beta5","sim67",Inf,30
"468","beta5","sim68",284.714285714286,30
"469","beta5","sim69",1599,30
"470","beta5","sim70",101.564102564103,30
"471","beta5","sim71",52.3333333333333,30
"472","beta5","sim72",60.0687022900763,30
"473","beta5","sim73",499,30
"474","beta5","sim74",51.2875816993464,30
"475","beta5","sim75",48.6894409937888,30
"476","beta5","sim76",6.5046904315197,30
"477","beta5","sim77",7999,30
"478","beta5","sim78",Inf,30
"479","beta5","sim79",24.6410256410256,30
"480","beta5","sim80",1332.33333333333,30
"481","beta5","sim81",999,30
"482","beta5","sim82",24.0783699059561,30
"483","beta5","sim83",18.5121951219512,30
"484","beta5","sim84",8.80392156862745,30
"485","beta5","sim85",13.4404332129964,30
"486","beta5","sim86",7999,30
"487","beta5","sim87",162.265306122449,30
"488","beta5","sim88",189.47619047619,30
"489","beta5","sim89",51.6315789473684,30
"490","beta5","sim90",7.82028665931643,30
"491","beta5","sim91",1.39377618192699,30
"492","beta5","sim92",799,30
"493","beta5","sim93",96.5609756097561,30
"494","beta5","sim94",Inf,30
"495","beta5","sim95",77.4313725490196,30
"496","beta5","sim96",13.8698884758364,30
"497","beta5","sim97",6.25952813067151,30
"498","beta5","sim98",23.9221183800623,30
"499","beta5","sim99",19.7253886010363,30
"500","beta5","sim100",7999,30
"501","beta6","sim1",72.394495412844,35
"502","beta6","sim2",75.1904761904762,35
"503","beta6","sim3",105.666666666667,35
"504","beta6","sim4",23.2424242424242,35
"505","beta6","sim5",Inf,35
"506","beta6","sim6",37.8349514563107,35
"507","beta6","sim7",1332.33333333333,35
"508","beta6","sim8",58.2592592592593,35
"509","beta6","sim9",999,35
"510","beta6","sim10",346.826086956522,35
"511","beta6","sim11",80.6326530612245,35
"512","beta6","sim12",7999,35
"513","beta6","sim13",Inf,35
"514","beta6","sim14",4.93031875463306,35
"515","beta6","sim15",2665.66666666667,35
"516","beta6","sim16",13.0350877192982,35
"517","beta6","sim17",64.0406504065041,35
"518","beta6","sim18",11.4804992199688,35
"519","beta6","sim19",172.913043478261,35
"520","beta6","sim20",1141.85714285714,35
"521","beta6","sim21",1999,35
"522","beta6","sim22",469.588235294118,35
"523","beta6","sim23",51.2875816993464,35
"524","beta6","sim24",274.862068965517,35
"525","beta6","sim25",Inf,35
"526","beta6","sim26",319,35
"527","beta6","sim27",5.7001675041876,35
"528","beta6","sim28",665.666666666667,35
"529","beta6","sim29",379.952380952381,35
"530","beta6","sim30",Inf,35
"531","beta6","sim31",15.1616161616162,35
"532","beta6","sim32",7.79120879120879,35
"533","beta6","sim33",43.6927374301676,35
"534","beta6","sim34",379.952380952381,35
"535","beta6","sim35",7999,35
"536","beta6","sim36",69.1754385964912,35
"537","beta6","sim37",1999,35
"538","beta6","sim38",Inf,35
"539","beta6","sim39",17.6046511627907,35
"540","beta6","sim40",76.6699029126214,35
"541","beta6","sim41",499,35
"542","beta6","sim42",31.1285140562249,35
"543","beta6","sim43",614.384615384615,35
"544","beta6","sim44",189.47619047619,35
"545","beta6","sim45",49.6329113924051,35
"546","beta6","sim46",Inf,35
"547","beta6","sim47",65.6666666666667,35
"548","beta6","sim48",799,35
"549","beta6","sim49",48.079754601227,35
"550","beta6","sim50",25.4026402640264,35
"551","beta6","sim51",Inf,35
"552","beta6","sim52",420.052631578947,35
"553","beta6","sim53",199,35
"554","beta6","sim54",33.9344978165939,35
"555","beta6","sim55",39.6091370558376,35
"556","beta6","sim56",Inf,35
"557","beta6","sim57",443.444444444444,35
"558","beta6","sim58",2665.66666666667,35
"559","beta6","sim59",169.212765957447,35
"560","beta6","sim60",17.1818181818182,35
"561","beta6","sim61",665.666666666667,35
"562","beta6","sim62",999,35
"563","beta6","sim63",40.8848167539267,35
"564","beta6","sim64",Inf,35
"565","beta6","sim65",63.5161290322581,35
"566","beta6","sim66",Inf,35
"567","beta6","sim67",799,35
"568","beta6","sim68",7999,35
"569","beta6","sim69",2665.66666666667,35
"570","beta6","sim70",284.714285714286,35
"571","beta6","sim71",26.3972602739726,35
"572","beta6","sim72",2665.66666666667,35
"573","beta6","sim73",1332.33333333333,35
"574","beta6","sim74",96.5609756097561,35
"575","beta6","sim75",194.121951219512,35
"576","beta6","sim76",1.55427841634738,35
"577","beta6","sim77",265.666666666667,35
"578","beta6","sim78",172.913043478261,35
"579","beta6","sim79",1599,35
"580","beta6","sim80",50.6129032258064,35
"581","beta6","sim81",5.13026819923372,35
"582","beta6","sim82",45.7836257309942,35
"583","beta6","sim83",209.526315789474,35
"584","beta6","sim84",3999,35
"585","beta6","sim85",Inf,35
"586","beta6","sim86",319,35
"587","beta6","sim87",570.428571428571,35
"588","beta6","sim88",39.6091370558376,35
"589","beta6","sim89",999,35
"590","beta6","sim90",18.2307692307692,35
"591","beta6","sim91",7999,35
"592","beta6","sim92",999,35
"593","beta6","sim93",499,35
"594","beta6","sim94",116.647058823529,35
"595","beta6","sim95",1599,35
"596","beta6","sim96",Inf,35
"597","beta6","sim97",Inf,35
"598","beta6","sim98",11.4031007751938,35
"599","beta6","sim99",16.0575692963753,35
"600","beta6","sim100",59.1503759398496,35
"601","beta7","sim1",399,40
"602","beta7","sim2",215.216216216216,40
"603","beta7","sim3",136.931034482759,40
"604","beta7","sim4",420.052631578947,40
"605","beta7","sim5",Inf,40
"606","beta7","sim6",Inf,40
"607","beta7","sim7",265.666666666667,40
"608","beta7","sim8",3999,40
"609","beta7","sim9",443.444444444444,40
"610","beta7","sim10",1999,40
"611","beta7","sim11",274.862068965517,40
"612","beta7","sim12",16.7383592017738,40
"613","beta7","sim13",34.8744394618834,40
"614","beta7","sim14",Inf,40
"615","beta7","sim15",69.7964601769911,40
"616","beta7","sim16",32.195020746888,40
"617","beta7","sim17",284.714285714286,40
"618","beta7","sim18",Inf,40
"619","beta7","sim19",3999,40
"620","beta7","sim20",1999,40
"621","beta7","sim21",78.2079207920792,40
"622","beta7","sim22",26.3972602739726,40
"623","beta7","sim23",71.7272727272727,40
"624","beta7","sim24",116.647058823529,40
"625","beta7","sim25",799,40
"626","beta7","sim26",332.333333333333,40
"627","beta7","sim27",379.952380952381,40
"628","beta7","sim28",2665.66666666667,40
"629","beta7","sim29",Inf,40
"630","beta7","sim30",165.666666666667,40
"631","beta7","sim31",7999,40
"632","beta7","sim32",1999,40
"633","beta7","sim33",85.9565217391304,40
"634","beta7","sim34",Inf,40
"635","beta7","sim35",22.4604105571848,40
"636","beta7","sim36",3999,40
"637","beta7","sim37",46.3372781065089,40
"638","beta7","sim38",3999,40
"639","beta7","sim39",Inf,40
"640","beta7","sim40",2665.66666666667,40
"641","beta7","sim41",162.265306122449,40
"642","beta7","sim42",95.3855421686747,40
"643","beta7","sim43",234.294117647059,40
"644","beta7","sim44",43.1988950276243,40
"645","beta7","sim45",999,40
"646","beta7","sim46",2665.66666666667,40
"647","beta7","sim47",57.3941605839416,40
"648","beta7","sim48",499,40
"649","beta7","sim49",130.147540983607,40
"650","beta7","sim50",7999,40
"651","beta7","sim51",194.121951219512,40
"652","beta7","sim52",73.0740740740741,40
"653","beta7","sim53",726.272727272727,40
"654","beta7","sim54",Inf,40
"655","beta7","sim55",7999,40
"656","beta7","sim56",999,40
"657","beta7","sim57",95.3855421686747,40
"658","beta7","sim58",Inf,40
"659","beta7","sim59",Inf,40
"660","beta7","sim60",104.263157894737,40
"661","beta7","sim61",3999,40
"662","beta7","sim62",1999,40
"663","beta7","sim63",7999,40
"664","beta7","sim64",2.57941834451902,40
"665","beta7","sim65",1999,40
"666","beta7","sim66",Inf,40
"667","beta7","sim67",614.384615384615,40
"668","beta7","sim68",999,40
"669","beta7","sim69",3999,40
"670","beta7","sim70",Inf,40
"671","beta7","sim71",2665.66666666667,40
"672","beta7","sim72",249,40
"673","beta7","sim73",30.8725099601594,40
"674","beta7","sim74",7999,40
"675","beta7","sim75",105.666666666667,40
"676","beta7","sim76",1599,40
"677","beta7","sim77",122.076923076923,40
"678","beta7","sim78",306.692307692308,40
"679","beta7","sim79",249,40
"680","beta7","sim80",1332.33333333333,40
"681","beta7","sim81",90.9540229885057,40
"682","beta7","sim82",84.1063829787234,40
"683","beta7","sim83",17.3066361556064,40
"684","beta7","sim84",Inf,40
"685","beta7","sim85",726.272727272727,40
"686","beta7","sim86",Inf,40
"687","beta7","sim87",249,40
"688","beta7","sim88",54.9440559440559,40
"689","beta7","sim89",105.666666666667,40
"690","beta7","sim90",Inf,40
"691","beta7","sim91",726.272727272727,40
"692","beta7","sim92",11.4223602484472,40
"693","beta7","sim93",92.0232558139535,40
"694","beta7","sim94",3999,40
"695","beta7","sim95",7999,40
"696","beta7","sim96",7999,40
"697","beta7","sim97",7999,40
"698","beta7","sim98",999,40
"699","beta7","sim99",234.294117647059,40
"700","beta7","sim100",2665.66666666667,40
"701","beta8","sim1",Inf,45
"702","beta8","sim2",3999,45
"703","beta8","sim3",21.5988700564972,45
"704","beta8","sim4",Inf,45
"705","beta8","sim5",799,45
"706","beta8","sim6",1599,45
"707","beta8","sim7",41.7807486631016,45
"708","beta8","sim8",32.0578512396694,45
"709","beta8","sim9",Inf,45
"710","beta8","sim10",Inf,45
"711","beta8","sim11",84.1063829787234,45
"712","beta8","sim12",532.333333333333,45
"713","beta8","sim13",614.384615384615,45
"714","beta8","sim14",665.666666666667,45
"715","beta8","sim15",Inf,45
"716","beta8","sim16",152.846153846154,45
"717","beta8","sim17",3999,45
"718","beta8","sim18",Inf,45
"719","beta8","sim19",234.294117647059,45
"720","beta8","sim20",Inf,45
"721","beta8","sim21",3999,45
"722","beta8","sim22",27.169014084507,45
"723","beta8","sim23",532.333333333333,45
"724","beta8","sim24",346.826086956522,45
"725","beta8","sim25",60.5384615384615,45
"726","beta8","sim26",4.04731861198738,45
"727","beta8","sim27",Inf,45
"728","beta8","sim28",Inf,45
"729","beta8","sim29",44.7142857142857,45
"730","beta8","sim30",379.952380952381,45
"731","beta8","sim31",7999,45
"732","beta8","sim32",284.714285714286,45
"733","beta8","sim33",1599,45
"734","beta8","sim34",Inf,45
"735","beta8","sim35",10.1265646731572,45
"736","beta8","sim36",6.19424460431655,45
"737","beta8","sim37",Inf,45
"738","beta8","sim38",Inf,45
"739","beta8","sim39",185.046511627907,45
"740","beta8","sim40",999,45
"741","beta8","sim41",38.4088669950739,45
"742","beta8","sim42",Inf,45
"743","beta8","sim43",999,45
"744","beta8","sim44",89.9090909090909,45
"745","beta8","sim45",665.666666666667,45
"746","beta8","sim46",63.5161290322581,45
"747","beta8","sim47",1999,45
"748","beta8","sim48",64.0406504065041,45
"749","beta8","sim49",17.6915887850467,45
"750","beta8","sim50",Inf,45
"751","beta8","sim51",1141.85714285714,45
"752","beta8","sim52",3999,45
"753","beta8","sim53",17.9125295508274,45
"754","beta8","sim54",Inf,45
"755","beta8","sim55",3999,45
"756","beta8","sim56",16.3160173160173,45
"757","beta8","sim57",36.7358490566038,45
"758","beta8","sim58",614.384615384615,45
"759","beta8","sim59",1999,45
"760","beta8","sim60",295.296296296296,45
"761","beta8","sim61",614.384615384615,45
"762","beta8","sim62",3999,45
"763","beta8","sim63",90.9540229885057,45
"764","beta8","sim64",Inf,45
"765","beta8","sim65",Inf,45
"766","beta8","sim66",799,45
"767","beta8","sim67",36.2093023255814,45
"768","beta8","sim68",9.11378002528445,45
"769","beta8","sim69",999,45
"770","beta8","sim70",87.8888888888889,45
"771","beta8","sim71",257.064516129032,45
"772","beta8","sim72",7999,45
"773","beta8","sim73",Inf,45
"774","beta8","sim74",1141.85714285714,45
"775","beta8","sim75",189.47619047619,45
"776","beta8","sim76",999,45
"777","beta8","sim77",1599,45
"778","beta8","sim78",1999,45
"779","beta8","sim79",Inf,45
"780","beta8","sim80",7999,45
"781","beta8","sim81",48.6894409937888,45
"782","beta8","sim82",7999,45
"783","beta8","sim83",Inf,45
"784","beta8","sim84",799,45
"785","beta8","sim85",30.1284046692607,45
"786","beta8","sim86",Inf,45
"787","beta8","sim87",2665.66666666667,45
"788","beta8","sim88",1999,45
"789","beta8","sim89",1599,45
"790","beta8","sim90",72.394495412844,45
"791","beta8","sim91",2665.66666666667,45
"792","beta8","sim92",614.384615384615,45
"793","beta8","sim93",Inf,45
"794","beta8","sim94",83.2105263157895,45
"795","beta8","sim95",7999,45
"796","beta8","sim96",22.0547550432277,45
"797","beta8","sim97",26.1186440677966,45
"798","beta8","sim98",56.9710144927536,45
"799","beta8","sim99",Inf,45
"800","beta8","sim100",1141.85714285714,45
"801","beta9","sim1",7999,50
"802","beta9","sim2",Inf,50
"803","beta9","sim3",61.992125984252,50
"804","beta9","sim4",12.7693631669535,50
"805","beta9","sim5",346.826086956522,50
"806","beta9","sim6",6.78210116731517,50
"807","beta9","sim7",Inf,50
"808","beta9","sim8",22.1884057971014,50
"809","beta9","sim9",1599,50
"810","beta9","sim10",93.1176470588235,50
"811","beta9","sim11",Inf,50
"812","beta9","sim12",7999,50
"813","beta9","sim13",Inf,50
"814","beta9","sim14",Inf,50
"815","beta9","sim15",420.052631578947,50
"816","beta9","sim16",Inf,50
"817","beta9","sim17",7999,50
"818","beta9","sim18",1999,50
"819","beta9","sim19",Inf,50
"820","beta9","sim20",2665.66666666667,50
"821","beta9","sim21",13.3626570915619,50
"822","beta9","sim22",1599,50
"823","beta9","sim23",Inf,50
"824","beta9","sim24",1332.33333333333,50
"825","beta9","sim25",89.9090909090909,50
"826","beta9","sim26",15.9851380042463,50
"827","beta9","sim27",Inf,50
"828","beta9","sim28",Inf,50
"829","beta9","sim29",799,50
"830","beta9","sim30",Inf,50
"831","beta9","sim31",7999,50
"832","beta9","sim32",2665.66666666667,50
"833","beta9","sim33",887.888888888889,50
"834","beta9","sim34",999,50
"835","beta9","sim35",Inf,50
"836","beta9","sim36",227.571428571429,50
"837","beta9","sim37",51.2875816993464,50
"838","beta9","sim38",7999,50
"839","beta9","sim39",6.67018216682646,50
"840","beta9","sim40",152.846153846154,50
"841","beta9","sim41",44.7142857142857,50
"842","beta9","sim42",13.9253731343284,50
"843","beta9","sim43",97.7654320987654,50
"844","beta9","sim44",48.079754601227,50
"845","beta9","sim45",Inf,50
"846","beta9","sim46",7999,50
"847","beta9","sim47",43.4444444444444,50
"848","beta9","sim48",90.9540229885057,50
"849","beta9","sim49",Inf,50
"850","beta9","sim50",52.6912751677852,50
"851","beta9","sim51",8.09090909090909,50
"852","beta9","sim52",362.636363636364,50
"853","beta9","sim53",2665.66666666667,50
"854","beta9","sim54",7999,50
"855","beta9","sim55",144.454545454545,50
"856","beta9","sim56",Inf,50
"857","beta9","sim57",Inf,50
"858","beta9","sim58",3999,50
"859","beta9","sim59",7.68621064060804,50
"860","beta9","sim60",63.5161290322581,50
"861","beta9","sim61",Inf,50
"862","beta9","sim62",2665.66666666667,50
"863","beta9","sim63",887.888888888889,50
"864","beta9","sim64",46.9041916167665,50
"865","beta9","sim65",Inf,50
"866","beta9","sim66",Inf,50
"867","beta9","sim67",1332.33333333333,50
"868","beta9","sim68",152.846153846154,50
"869","beta9","sim69",Inf,50
"870","beta9","sim70",499,50
"871","beta9","sim71",799,50
"872","beta9","sim72",665.666666666667,50
"873","beta9","sim73",2665.66666666667,50
"874","beta9","sim74",7999,50
"875","beta9","sim75",7999,50
"876","beta9","sim76",Inf,50
"877","beta9","sim77",3.55580865603645,50
"878","beta9","sim78",215.216216216216,50
"879","beta9","sim79",87.8888888888889,50
"880","beta9","sim80",21.4719101123596,50
"881","beta9","sim81",Inf,50
"882","beta9","sim82",Inf,50
"883","beta9","sim83",Inf,50
"884","beta9","sim84",199,50
"885","beta9","sim85",7999,50
"886","beta9","sim86",1999,50
"887","beta9","sim87",7999,50
"888","beta9","sim88",Inf,50
"889","beta9","sim89",2665.66666666667,50
"890","beta9","sim90",3999,50
"891","beta9","sim91",999,50
"892","beta9","sim92",999,50
"893","beta9","sim93",Inf,50
"894","beta9","sim94",79,50
"895","beta9","sim95",999,50
"896","beta9","sim96",93.1176470588235,50
"897","beta9","sim97",1141.85714285714,50
"898","beta9","sim98",Inf,50
"899","beta9","sim99",84.1063829787234,50
"900","beta9","sim100",665.666666666667,50
